-1,-1,-1,-1,-1,-1,-1,-1,-1,-1,-1,-1,-1,-1,-1,-1,-1,-1,-1,-1,-1,-1,-1,-1,-1,-1,-1,-1,-1,-1,-1,-1,-1,-1,-1,-1,-1,-1,-1,-1,-1,-1,-1,-1,-1,-1,-1,-1,-1,-1,-1,-1,-1,-1,-1,-1,-1,-1,-1,-1,-1,-1,-1,-1,-1,-1,-1,-1,-1,-1,-1,-1,-1,-1,-1,-1,-1,-1,-1,-1,-1,-1,-1,-1,-1,-1,-1,-1,-1,-1,-1,-1,-1,-1,-1,-1,-1,-1,-1,-1,-1,-1,-1,-1,-1,-1,-1,-1,-1,-1,-1,-1,-1,-1,-1,-1,-1,-1,-1,-1,-1,-1,-1,-1,-1,-1,-1,-1,-1,-1,-1,-1,-1,-1,-1,-1,-1,-1,-1,-1,-1,-1,-1,-1,-1,-1,-1,-1,-1,-1,-1,-1
-1,-1,-1,-1,-1,-1,-1,-1,-1,-1,-1,-1,-1,-1,-1,-1,-1,-1,-1,-1,-1,-1,-1,-1,-1,-1,-1,-1,-1,-1,-1,-1,-1,-1,-1,-1,-1,-1,-1,-1,-1,-1,-1,-1,-1,-1,-1,-1,-1,-1,-1,-1,-1,-1,-1,-1,-1,-1,-1,-1,-1,-1,-1,-1,-1,-1,-1,-1,-1,-1,-1,-1,-1,-1,-1,-1,-1,-1,-1,-1,-1,-1,-1,-1,-1,-1,-1,-1,-1,-1,-1,-1,-1,-1,-1,-1,-1,-1,-1,-1,-1,-1,-1,-1,-1,-1,-1,-1,-1,-1,-1,-1,-1,-1,-1,-1,-1,-1,-1,-1,-1,-1,-1,-1,-1,-1,-1,-1,-1,-1,-1,-1,-1,-1,-1,-1,-1,-1,-1,-1,-1,-1,-1,-1,-1,-1,-1,-1,-1,-1,-1,-1
-1,-1,-1,-1,-1,-1,-1,-1,-1,-1,-1,-1,-1,-1,-1,-1,-1,-1,-1,-1,-1,-1,-1,-1,-1,-1,-1,-1,-1,-1,-1,-1,-1,-1,-1,-1,-1,-1,-1,-1,-1,-1,-1,-1,-1,-1,-1,-1,-1,-1,-1,-1,-1,-1,-1,-1,-1,-1,-1,-1,-1,-1,-1,-1,-1,-1,-1,-1,-1,-1,-1,-1,-1,-1,-1,-1,-1,-1,-1,-1,-1,-1,-1,-1,-1,-1,-1,-1,-1,-1,-1,-1,-1,-1,-1,-1,-1,-1,-1,-1,-1,-1,-1,-1,-1,-1,-1,-1,-1,-1,-1,-1,-1,-1,-1,-1,-1,-1,-1,-1,-1,-1,-1,-1,-1,-1,-1,-1,-1,-1,-1,-1,-1,-1,-1,-1,-1,-1,-1,-1,-1,-1,-1,-1,-1,-1,-1,-1,-1,-1,-1,-1
-1,-1,-1,-1,-1,-1,-1,-1,-1,-1,-1,-1,-1,-1,-1,-1,-1,-1,-1,-1,-1,-1,-1,-1,-1,-1,-1,-1,-1,-1,-1,-1,-1,-1,-1,-1,-1,-1,-1,-1,-1,-1,-1,-1,-1,-1,-1,-1,-1,-1,-1,-1,-1,-1,-1,-1,-1,-1,-1,-1,-1,-1,-1,-1,-1,-1,-1,-1,-1,-1,-1,-1,-1,-1,-1,-1,-1,-1,-1,-1,-1,-1,-1,-1,-1,-1,-1,-1,-1,-1,-1,-1,-1,-1,-1,-1,-1,-1,-1,-1,-1,-1,-1,-1,-1,-1,-1,-1,-1,-1,-1,-1,-1,-1,-1,-1,-1,-1,-1,-1,-1,-1,-1,-1,-1,-1,-1,-1,-1,-1,-1,-1,-1,-1,-1,-1,-1,-1,-1,-1,-1,-1,-1,-1,-1,-1,-1,-1,-1,-1,-1,-1
-1,-1,-1,-1,-1,-1,-1,-1,-1,-1,-1,-1,-1,-1,-1,-1,-1,-1,-1,-1,-1,-1,-1,-1,-1,-1,-1,-1,-1,-1,-1,-1,-1,-1,-1,-1,-1,-1,-1,-1,-1,-1,-1,-1,-1,-1,-1,-1,-1,-1,-1,-1,-1,-1,-1,-1,-1,-1,-1,-1,-1,-1,-1,-1,-1,-1,-1,-1,-1,-1,-1,-1,-1,-1,-1,-1,-1,-1,-1,-1,-1,-1,-1,-1,-1,-1,-1,-1,-1,-1,-1,-1,-1,-1,-1,-1,-1,-1,-1,-1,-1,-1,-1,-1,-1,-1,-1,-1,-1,-1,-1,-1,-1,-1,-1,-1,-1,-1,-1,-1,-1,-1,-1,-1,-1,-1,-1,-1,-1,-1,-1,-1,-1,-1,-1,-1,-1,-1,-1,-1,-1,-1,-1,-1,-1,-1,-1,-1,-1,-1,-1,-1
-1,-1,-1,-1,-1,-1,-1,-1,-1,-1,-1,-1,-1,-1,-1,-1,-1,-1,-1,-1,-1,-1,-1,-1,-1,-1,-1,-1,-1,-1,-1,-1,-1,-1,-1,-1,-1,-1,-1,-1,-1,-1,-1,-1,-1,-1,-1,-1,-1,-1,-1,-1,-1,-1,-1,-1,-1,-1,-1,-1,-1,-1,-1,-1,-1,-1,-1,-1,-1,-1,-1,-1,-1,-1,-1,-1,-1,-1,-1,-1,-1,-1,-1,-1,-1,-1,-1,-1,-1,-1,-1,-1,-1,-1,-1,-1,-1,-1,-1,-1,-1,-1,-1,-1,-1,-1,-1,-1,-1,-1,-1,-1,-1,-1,-1,-1,-1,-1,-1,-1,-1,-1,-1,-1,-1,-1,-1,-1,-1,-1,-1,-1,-1,-1,-1,-1,-1,-1,-1,-1,-1,-1,-1,-1,-1,-1,-1,-1,-1,-1,-1,-1
-1,-1,-1,-1,-1,-1,-1,-1,-1,-1,-1,-1,-1,-1,-1,-1,-1,-1,-1,-1,-1,-1,-1,-1,-1,-1,-1,-1,-1,-1,-1,-1,-1,-1,-1,-1,-1,-1,-1,-1,-1,-1,-1,-1,-1,-1,-1,-1,-1,-1,-1,-1,-1,-1,-1,-1,-1,-1,-1,-1,-1,-1,-1,-1,-1,-1,-1,-1,-1,-1,-1,-1,-1,-1,-1,-1,-1,-1,-1,-1,-1,-1,-1,-1,-1,-1,-1,-1,-1,-1,-1,-1,-1,-1,-1,-1,-1,-1,-1,-1,-1,-1,-1,-1,-1,-1,-1,-1,-1,-1,-1,-1,-1,-1,-1,-1,-1,-1,-1,-1,-1,-1,-1,-1,-1,-1,-1,-1,-1,-1,-1,-1,-1,-1,-1,-1,-1,-1,-1,-1,-1,-1,-1,-1,-1,-1,-1,-1,-1,-1,-1,-1
-1,-1,-1,-1,-1,-1,-1,-1,-1,-1,-1,-1,-1,-1,-1,-1,-1,-1,-1,-1,-1,-1,-1,-1,-1,-1,-1,-1,-1,-1,-1,-1,-1,-1,-1,-1,-1,-1,-1,-1,-1,-1,-1,-1,-1,-1,-1,-1,-1,-1,-1,-1,-1,-1,-1,-1,-1,-1,-1,-1,-1,-1,-1,-1,-1,-1,-1,-1,-1,-1,-1,-1,-1,-1,-1,-1,-1,-1,-1,-1,-1,-1,-1,-1,-1,-1,-1,-1,-1,-1,-1,-1,-1,-1,-1,-1,-1,-1,-1,-1,-1,-1,-1,-1,-1,-1,-1,-1,-1,-1,-1,-1,-1,-1,-1,-1,-1,-1,-1,-1,-1,-1,-1,-1,-1,-1,-1,-1,-1,-1,-1,-1,-1,-1,-1,-1,-1,-1,-1,-1,-1,-1,-1,-1,-1,-1,-1,-1,-1,-1,-1,-1
-1,-1,-1,-1,-1,-1,-1,-1,-1,-1,-1,-1,-1,-1,-1,-1,-1,-1,-1,-1,-1,-1,-1,-1,-1,-1,-1,-1,-1,-1,-1,-1,-1,-1,-1,-1,-1,-1,-1,-1,-1,-1,-1,-1,-1,-1,-1,-1,-1,-1,-1,-1,-1,-1,-1,-1,-1,-1,-1,-1,-1,-1,-1,-1,-1,-1,-1,-1,-1,-1,-1,-1,-1,-1,-1,-1,-1,-1,-1,-1,-1,-1,-1,-1,-1,-1,-1,-1,-1,-1,-1,-1,-1,-1,-1,-1,-1,-1,-1,-1,-1,-1,-1,-1,-1,-1,-1,-1,-1,-1,-1,-1,-1,-1,-1,-1,-1,-1,-1,-1,-1,-1,-1,-1,-1,-1,-1,-1,-1,-1,-1,-1,-1,-1,-1,-1,-1,-1,-1,-1,-1,-1,-1,-1,-1,-1,-1,-1,-1,-1,-1,-1
-1,-1,-1,-1,-1,-1,-1,-1,-1,-1,-1,-1,-1,-1,-1,-1,-1,-1,-1,-1,-1,-1,-1,-1,-1,-1,-1,-1,-1,-1,-1,-1,-1,-1,-1,-1,-1,-1,-1,-1,-1,-1,-1,-1,-1,-1,-1,-1,-1,-1,-1,-1,-1,-1,-1,-1,-1,-1,-1,-1,-1,-1,-1,-1,-1,-1,-1,-1,-1,-1,-1,-1,-1,-1,-1,-1,-1,-1,-1,-1,-1,-1,-1,-1,-1,-1,-1,-1,-1,-1,-1,-1,-1,-1,-1,-1,-1,-1,-1,-1,-1,-1,-1,-1,-1,-1,-1,-1,-1,-1,-1,-1,-1,-1,-1,-1,-1,-1,-1,-1,-1,-1,-1,-1,-1,-1,-1,-1,-1,-1,-1,-1,-1,-1,-1,-1,-1,-1,-1,-1,-1,-1,-1,-1,-1,-1,-1,-1,-1,-1,-1,-1
-1,-1,-1,-1,-1,-1,-1,-1,-1,-1,-1,-1,-1,-1,-1,-1,-1,-1,-1,-1,-1,-1,-1,-1,-1,-1,-1,-1,-1,-1,-1,-1,-1,-1,-1,-1,-1,-1,-1,-1,-1,-1,-1,-1,-1,-1,-1,-1,-1,-1,-1,-1,-1,-1,-1,-1,-1,-1,-1,-1,-1,-1,-1,-1,-1,-1,-1,-1,-1,-1,-1,-1,-1,-1,-1,-1,-1,-1,-1,-1,-1,-1,-1,-1,-1,-1,-1,-1,-1,-1,-1,-1,-1,-1,-1,-1,-1,-1,-1,-1,-1,-1,-1,-1,-1,-1,-1,-1,-1,-1,-1,-1,-1,-1,-1,-1,-1,-1,-1,-1,-1,-1,-1,-1,-1,-1,-1,-1,-1,-1,-1,-1,-1,-1,-1,-1,-1,-1,-1,-1,-1,-1,-1,-1,-1,-1,-1,-1,-1,-1,-1,-1
-1,-1,-1,-1,-1,-1,-1,-1,-1,-1,-1,-1,-1,-1,-1,-1,-1,-1,-1,-1,-1,-1,-1,-1,-1,-1,-1,-1,-1,-1,-1,-1,-1,-1,-1,-1,-1,-1,-1,-1,-1,-1,-1,-1,-1,-1,-1,-1,-1,-1,-1,-1,-1,-1,-1,-1,-1,-1,-1,-1,-1,-1,-1,-1,-1,-1,-1,-1,-1,-1,-1,-1,-1,-1,-1,-1,-1,-1,-1,-1,-1,-1,-1,-1,-1,-1,-1,-1,-1,-1,-1,-1,-1,-1,-1,-1,-1,-1,-1,-1,-1,-1,-1,-1,-1,-1,-1,-1,-1,-1,-1,-1,-1,-1,-1,-1,-1,-1,-1,-1,-1,-1,-1,-1,-1,-1,-1,-1,-1,-1,-1,-1,-1,-1,-1,-1,-1,-1,-1,-1,-1,-1,-1,-1,-1,-1,-1,-1,-1,-1,-1,-1
-1,-1,-1,-1,-1,-1,-1,-1,-1,-1,-1,-1,-1,-1,-1,-1,-1,-1,-1,-1,-1,-1,-1,-1,-1,-1,-1,-1,-1,-1,-1,-1,-1,-1,-1,-1,-1,-1,-1,-1,-1,-1,-1,-1,-1,-1,-1,-1,-1,-1,-1,-1,-1,-1,-1,-1,-1,-1,-1,-1,-1,-1,-1,-1,-1,-1,-1,-1,-1,-1,-1,-1,-1,-1,-1,-1,-1,-1,-1,-1,-1,-1,-1,-1,-1,-1,-1,-1,-1,-1,-1,-1,-1,-1,-1,-1,-1,-1,-1,-1,-1,-1,-1,-1,-1,-1,-1,-1,-1,-1,-1,-1,-1,-1,-1,-1,-1,-1,-1,-1,-1,-1,-1,-1,-1,-1,-1,-1,-1,-1,-1,-1,-1,-1,-1,-1,-1,-1,-1,-1,-1,-1,-1,-1,-1,-1,-1,-1,-1,-1,-1,-1
-1,-1,-1,-1,-1,-1,-1,-1,-1,-1,-1,-1,-1,-1,-1,-1,-1,-1,-1,-1,-1,-1,-1,-1,-1,-1,-1,-1,-1,-1,-1,-1,-1,-1,-1,-1,-1,-1,-1,-1,-1,-1,-1,-1,-1,-1,-1,-1,-1,-1,-1,-1,-1,-1,-1,-1,-1,-1,-1,-1,-1,-1,-1,-1,-1,-1,-1,-1,-1,-1,-1,-1,-1,-1,-1,-1,-1,-1,-1,-1,-1,-1,-1,-1,-1,-1,-1,-1,-1,-1,-1,-1,-1,-1,-1,-1,-1,-1,-1,-1,-1,-1,-1,-1,-1,-1,-1,-1,-1,-1,-1,-1,-1,-1,-1,-1,-1,-1,-1,-1,-1,-1,-1,-1,-1,-1,-1,-1,-1,-1,-1,-1,-1,-1,-1,-1,-1,-1,-1,-1,-1,-1,-1,-1,-1,-1,-1,-1,-1,-1,-1,-1
-1,-1,-1,-1,-1,-1,-1,-1,-1,-1,-1,-1,-1,-1,-1,-1,-1,-1,-1,-1,-1,-1,-1,-1,-1,-1,-1,-1,-1,-1,-1,-1,-1,-1,-1,-1,-1,-1,-1,-1,-1,-1,-1,-1,-1,-1,-1,-1,-1,-1,-1,-1,-1,-1,-1,-1,-1,-1,-1,-1,-1,-1,-1,-1,-1,-1,-1,-1,-1,-1,-1,-1,-1,-1,-1,-1,-1,-1,-1,-1,-1,-1,-1,-1,-1,-1,-1,-1,-1,-1,-1,-1,-1,-1,-1,-1,-1,-1,-1,-1,-1,-1,-1,-1,-1,-1,-1,-1,-1,-1,-1,-1,-1,-1,-1,-1,-1,-1,-1,-1,-1,-1,-1,-1,-1,-1,-1,-1,-1,-1,-1,-1,-1,-1,-1,-1,-1,-1,-1,-1,-1,-1,-1,-1,-1,-1,-1,-1,-1,-1,-1,-1
-1,-1,-1,-1,-1,-1,-1,-1,-1,-1,-1,-1,-1,-1,-1,-1,-1,-1,-1,-1,-1,-1,-1,-1,-1,-1,-1,-1,-1,-1,-1,-1,-1,-1,-1,-1,-1,-1,-1,-1,-1,-1,-1,-1,-1,-1,-1,-1,-1,-1,-1,-1,-1,-1,-1,-1,-1,-1,-1,-1,-1,-1,-1,-1,-1,-1,-1,-1,-1,-1,-1,-1,-1,-1,-1,-1,-1,-1,-1,-1,-1,-1,-1,-1,-1,-1,-1,-1,-1,-1,-1,-1,-1,-1,-1,-1,-1,-1,-1,-1,-1,-1,-1,-1,-1,-1,-1,-1,-1,-1,-1,-1,-1,-1,-1,-1,-1,-1,-1,-1,-1,-1,-1,-1,-1,-1,-1,-1,-1,-1,-1,-1,-1,-1,-1,-1,-1,-1,-1,-1,-1,-1,-1,-1,-1,-1,-1,-1,-1,-1,-1,-1
-1,-1,-1,-1,-1,-1,-1,-1,-1,-1,-1,-1,-1,-1,-1,-1,-1,-1,-1,-1,-1,-1,-1,-1,-1,-1,802,802,803,803,802,803,803,-1,-1,-1,-1,-1,-1,-1,-1,-1,-1,-1,-1,-1,2005,2006,2005,2006,2005,2006,2005,2006,2005,2006,2005,2006,5793,5794,5795,5796,2005,2006,2005,2006,2005,2006,2005,2006,2005,2006,2005,2006,2005,2006,2005,2006,2005,2006,2005,2006,2005,2006,2005,2006,2005,2006,5793,5794,5795,5796,2005,2006,2005,2006,2005,2006,2005,2006,2005,2006,2005,2006,2005,2006,2913,2913,2913,2913,2913,2913,2663,-1,-1,-1,-1,-1,-1,-1,-1,-1,-1,-1,-1,-1,-1,-1,-1,-1,-1,-1,-1,-1,-1,-1,-1,-1,-1,-1,-1,-1,-1,-1,-1,-1,-1,-1,-1,-1,-1,-1
-1,-1,-1,-1,-1,-1,-1,-1,-1,-1,-1,-1,-1,-1,-1,-1,-1,-1,-1,-1,-1,-1,-1,-1,-1,-1,802,802,802,802,802,803,803,-1,-1,-1,-1,-1,-1,-1,-1,-1,-1,-1,-1,-1,2661,2662,2663,2786,2661,2662,2663,3038,3038,3038,3038,3038,3038,3038,3038,3038,3038,3038,2788,2788,2788,2788,2788,2788,2788,2788,2788,2788,2788,2788,2788,2788,2788,2788,2788,2788,2788,2663,2663,2663,2663,2663,2663,2663,2663,2663,2663,2788,2788,2788,2788,2788,2913,2913,2913,2913,2913,2913,2913,2913,3038,3038,3038,3038,3038,3038,2788,-1,-1,-1,-1,-1,-1,-1,-1,-1,-1,-1,-1,-1,-1,-1,-1,-1,-1,-1,-1,-1,-1,-1,-1,-1,-1,-1,-1,-1,-1,-1,-1,-1,-1,-1,-1,-1,-1,-1
-1,-1,-1,-1,-1,-1,-1,-1,-1,-1,-1,-1,-1,-1,-1,-1,-1,-1,-1,-1,-1,-1,-1,-1,-1,-1,802,802,802,802,802,803,803,-1,-1,-1,-1,-1,-1,-1,-1,-1,-1,-1,-1,-1,2661,2661,2662,2663,2661,2662,2663,3036,3036,3037,3038,2913,2913,2913,2913,2913,2913,2913,2913,2913,2913,2913,2913,2913,2913,2913,2913,2913,2913,2913,2913,2913,2913,2913,2913,2913,2913,2788,2788,2788,2788,2788,2661,2662,2663,2788,2788,2913,2913,2913,2913,2913,3038,3038,3038,3038,3038,3038,3038,3038,3038,2788,2788,2788,2788,2788,2913,-1,-1,-1,-1,-1,-1,-1,-1,-1,-1,-1,-1,-1,-1,-1,-1,-1,-1,-1,-1,-1,-1,-1,-1,-1,-1,-1,-1,-1,-1,-1,-1,-1,-1,-1,-1,-1,-1,-1
-1,-1,-1,-1,-1,-1,-1,-1,-1,-1,-1,-1,-1,-1,-1,-1,-1,-1,-1,-1,-1,-1,-1,-1,-1,-1,-1,-1,-1,-1,-1,-1,-1,-1,-1,-1,-1,-1,-1,-1,-1,-1,-1,-1,-1,-1,2661,2661,2662,2663,2663,2663,2663,3037,3038,3038,3038,3038,3038,3038,3038,3038,3038,3038,3038,3038,3038,3038,3038,3038,3038,3038,3038,3038,3038,3038,3038,3038,3038,3038,3038,3038,3038,2913,2913,2913,2913,2913,2661,2661,2661,2661,2661,2662,2663,3038,3038,3038,3038,2913,2913,2913,2913,2913,2913,2913,2913,2913,2913,2913,2913,2913,3038,-1,-1,-1,-1,-1,-1,-1,-1,-1,-1,-1,-1,-1,-1,-1,-1,-1,-1,-1,-1,-1,-1,-1,-1,-1,-1,-1,-1,-1,-1,-1,-1,-1,-1,-1,-1,-1,-1,-1
-1,-1,-1,-1,-1,-1,-1,-1,-1,-1,-1,-1,-1,-1,-1,-1,-1,-1,-1,-1,-1,-1,-1,-1,-1,-1,-1,-1,-1,-1,-1,-1,-1,-1,-1,-1,-1,-1,-1,-1,-1,-1,-1,-1,-1,-1,2661,2661,2662,2663,2788,2663,2788,2661,2661,2661,2661,2661,2786,2786,2786,2786,2786,2786,2786,2786,2786,2786,2786,2786,2786,2786,2911,2911,2911,2911,2911,2911,2911,2911,3036,3037,3038,3038,3038,3038,3038,3038,2663,2663,2663,2663,2663,2663,2663,2663,2663,2663,2663,3038,3038,3038,3038,3038,3038,3038,3038,3038,3038,3038,3038,3038,-1,-1,-1,-1,-1,-1,-1,-1,-1,-1,-1,-1,-1,-1,-1,-1,-1,-1,-1,-1,-1,-1,-1,-1,-1,-1,-1,-1,-1,-1,-1,-1,-1,-1,-1,-1,-1,-1,-1,-1
-1,-1,-1,-1,-1,-1,-1,-1,-1,-1,-1,-1,-1,-1,-1,-1,-1,-1,-1,-1,-1,-1,-1,-1,-1,-1,-1,-1,-1,-1,-1,-1,-1,-1,-1,-1,-1,-1,-1,-1,-1,-1,-1,-1,-1,-1,2786,2661,2662,2663,2913,2663,2913,2661,2786,2786,2786,2786,2911,2911,2911,2911,2911,2911,2911,2911,2911,2911,2911,2911,2911,2911,3036,3036,3036,3036,3036,3036,3036,3036,3036,3036,3036,3037,3038,2661,2661,2661,2662,2663,2788,2788,2788,2788,2788,2788,2788,2788,2788,3036,3036,3036,3036,3037,3038,2913,2913,2913,-1,-1,-1,-1,-1,-1,-1,-1,-1,-1,-1,-1,3650,3651,-1,-1,-1,-1,-1,-1,-1,-1,-1,-1,-1,-1,-1,-1,-1,-1,-1,-1,-1,-1,-1,-1,-1,-1,-1,-1,-1,-1,-1,-1
-1,-1,-1,-1,-1,-1,-1,-1,-1,-1,-1,-1,-1,-1,-1,-1,-1,-1,-1,-1,-1,-1,-1,-1,-1,-1,-1,-1,-1,-1,-1,-1,-1,-1,-1,-1,-1,-1,-1,-1,-1,-1,-1,-1,-1,-1,2661,2661,2662,2663,3038,2788,3038,2786,2661,2662,2663,2663,2663,2663,2663,2663,3036,3036,3036,3036,3036,3036,3036,3036,3036,3036,3037,3038,3036,3036,3037,3038,3036,3036,3036,3036,3037,3038,2663,2663,2663,2663,2663,2663,2663,2663,2663,2663,2663,2663,2663,2663,2663,2663,2663,2663,3038,3038,3038,3038,3038,3038,-1,-1,-1,-1,-1,-1,-1,-1,-1,-1,-1,-1,3650,3651,-1,-1,-1,-1,-1,-1,-1,-1,-1,-1,-1,-1,-1,-1,-1,-1,-1,-1,-1,-1,-1,-1,-1,-1,-1,-1,-1,-1,-1,-1
-1,-1,-1,-1,-1,-1,-1,-1,-1,-1,-1,-1,-1,-1,-1,-1,-1,129,130,-1,-1,-1,-1,-1,-1,-1,-1,-1,-1,-1,-1,-1,-1,-1,-1,-1,-1,-1,-1,-1,-1,2125,-1,-1,-1,2125,2786,2661,2662,2663,3038,2913,2661,2662,2663,2663,2663,2788,2788,2788,2788,2788,2663,3036,3036,3036,3036,3036,3037,3038,2786,2786,2911,2911,2911,2911,3036,3036,3036,3037,3038,2911,2786,2787,2788,2788,2788,2788,2788,2788,2788,2788,2788,2788,2788,2788,2788,2788,2788,2788,2788,2788,2786,2911,2911,3036,3037,3038,-1,-1,-1,-1,-1,-1,-1,-1,-1,-1,-1,-1,3650,3651,-1,-1,-1,-1,-1,-1,-1,-1,-1,-1,-1,-1,-1,-1,-1,-1,-1,-1,-1,-1,-1,-1,-1,-1,-1,-1,-1,-1,-1,-1
-1,-1,-1,-1,-1,-1,-1,-1,-1,-1,-1,-1,-1,-1,-1,-1,-1,254,255,-1,-1,-1,-1,-1,-1,-1,-1,-1,-1,-1,-1,-1,-1,-1,-1,-1,-1,-1,-1,-1,-1,2250,-1,-1,-1,2250,2911,2661,2662,2663,3038,2661,2662,2663,2663,2788,2788,2913,2913,2913,2913,2913,2788,2662,2663,2663,2786,2786,2786,2911,2911,2911,3036,3036,3036,3036,3037,3038,3038,3038,2663,2663,2663,2663,2663,2663,2663,2913,2913,2913,2913,2913,2913,2913,2913,2913,2913,2913,2913,2913,2913,2913,2911,3036,3036,3037,3038,-1,-1,-1,-1,-1,-1,-1,-1,-1,-1,-1,-1,-1,3650,3651,-1,4391,4392,4393,4393,4393,4393,-1,-1,-1,-1,-1,-1,-1,-1,-1,-1,-1,-1,-1,-1,-1,-1,-1,-1,-1,-1,-1,-1,-1
-1,-1,-1,-1,-1,-1,-1,-1,-1,-1,-1,-1,-1,-1,-1,-1,-1,-1,-1,-1,-1,-1,-1,-1,-1,-1,-1,-1,-1,-1,-1,-1,-1,-1,-1,-1,-1,-1,-1,-1,-1,-1,-1,-1,-1,2125,2661,2662,2663,2663,3036,2661,2661,2662,2663,2913,2913,3038,3038,3038,3038,3038,2913,2663,2663,2788,2911,2911,2911,3036,3036,3036,3036,3037,3038,3037,3038,2788,2788,2788,2788,2788,2788,2788,2788,2788,2788,3038,3038,3038,3038,3038,3038,3038,3038,3038,3038,3038,3038,3038,3038,3038,3036,3036,3037,3038,2663,2663,2663,2663,2663,-1,-1,-1,-1,-1,-1,4391,4392,4391,4392,4393,4393,4393,4393,4393,4393,4393,4393,-1,-1,-1,-1,-1,-1,-1,-1,-1,-1,-1,-1,-1,-1,-1,-1,-1,-1,-1,-1,-1,-1,-1
-1,-1,-1,-1,-1,-1,-1,-1,-1,-1,-1,-1,-1,-1,-1,-1,-1,-1,-1,-1,-1,-1,-1,3,-1,-1,-1,-1,-1,-1,-1,-1,-1,-1,-1,-1,-1,-1,-1,-1,-1,2375,2376,2375,2376,2250,2661,2662,2661,2661,2661,2786,2661,2662,2663,3038,3038,2661,2661,3036,3037,3038,3038,2788,2788,2913,3036,3036,3036,3037,3038,2663,2788,3036,3037,3038,3038,2913,2913,2913,2913,2913,2913,2913,2913,2913,2913,2661,2661,2661,2661,2661,2661,2786,2786,2911,2911,2911,3036,3036,3036,3037,3038,2788,2788,2788,2788,2788,2788,2663,2788,-1,-1,-1,-1,4391,4392,4393,4391,4392,4393,4393,4391,4392,4393,4393,4393,4392,4393,-1,-1,-1,-1,-1,-1,-1,-1,-1,-1,-1,-1,-1,-1,-1,-1,-1,-1,-1,-1,-1,-1,-1
-1,-1,-1,-1,-1,-1,-1,-1,-1,-1,-1,-1,-1,-1,-1,-1,-1,-1,2661,758,759,759,759,759,759,760,-1,-1,-1,-1,-1,-1,-1,-1,-1,-1,-1,-1,-1,-1,-1,-1,-1,-1,-1,2661,2661,2661,2786,2786,2786,2911,2661,2662,2663,2661,2661,2661,2786,3036,3036,3037,3038,2913,2913,3038,3038,2788,2788,2788,2788,2661,2662,2663,3036,3037,3038,3038,2663,2663,2663,2663,2663,2663,2663,2663,2663,2661,2786,2786,2786,2786,2786,2911,2911,3036,3036,3036,3037,3038,2913,2913,2913,2913,2913,2913,2913,2913,2913,2788,2913,-1,-1,-1,-1,4391,4392,4391,4392,4393,4393,4393,3650,3650,4391,4392,4393,4393,4393,-1,-1,-1,-1,-1,-1,-1,-1,-1,-1,-1,-1,-1,-1,-1,-1,-1,-1,-1,-1,-1,-1,-1
-1,-1,-1,-1,-1,-1,-1,-1,-1,-1,-1,-1,-1,-1,-1,-1,-1,-1,2661,883,884,884,884,884,884,885,-1,-1,-1,-1,-1,-1,-1,-1,-1,-1,-1,-1,-1,-1,-1,-1,-1,-1,-1,2786,2786,2786,2911,2911,2911,3036,2661,2662,2663,2662,2661,2786,2911,3036,3037,3038,3038,3038,3038,3038,2661,2662,2663,2663,2663,2786,2787,2788,2788,2788,2788,2788,2788,2663,2663,2788,2788,2788,2788,2788,2788,2786,2911,2911,2911,2911,2911,3036,3036,3037,3038,3038,3038,3038,3038,3038,3038,3038,3038,3038,3038,3038,3038,2913,3038,-1,4391,4392,4393,4391,4391,4392,4393,4393,4393,4393,4391,4391,4391,4391,4392,4393,4393,3650,3650,3650,3650,3650,3650,3651,-1,-1,-1,-1,-1,-1,-1,-1,-1,-1,-1,-1,-1,-1,-1,-1
-1,-1,-1,-1,-1,-1,-1,-1,-1,-1,-1,-1,-1,-1,-1,-1,-1,-1,2786,1008,1009,1009,1009,1009,1009,1010,-1,-1,-1,-1,-1,-1,-1,-1,-1,-1,-1,-1,-1,-1,-1,-1,-1,-1,-1,2911,2911,2911,3036,3036,3036,3036,2661,2662,2663,2661,2786,2911,3036,3037,3038,3038,3036,3037,3038,2663,2663,2663,2788,2788,2788,2911,2912,2913,2913,2913,2913,2913,2913,2788,2788,2913,2913,2913,2913,2913,2913,2663,2663,2663,3036,3036,3036,3037,3038,2788,2661,2661,2661,2661,2661,2786,2786,2786,2911,2911,3036,3037,3038,3038,4391,4392,4391,1913,1914,4391,4391,4392,4393,4391,4391,4391,4391,4391,4391,4392,4393,4393,4393,1913,1914,3775,3775,3775,3775,3776,-1,-1,-1,-1,-1,-1,-1,-1,-1,-1,-1,-1,-1,-1,-1,-1
-1,-1,-1,-1,-1,-1,-1,-1,-1,-1,-1,-1,-1,-1,-1,-1,-1,-1,-1,-1,-1,-1,-1,3,-1,-1,-1,-1,-1,-1,-1,-1,-1,-1,-1,-1,-1,-1,-1,-1,-1,-1,-1,-1,-1,3036,3036,3036,3037,3038,3038,2661,2661,2662,2663,2786,2911,3036,3037,3038,3036,3037,3038,2663,2663,2788,2788,2788,2913,2913,2913,3036,3037,3038,3038,3038,3038,3038,3038,2913,2913,3038,3038,3038,3038,3038,3038,2788,2788,2788,2661,2661,2661,2661,2661,2661,2786,2786,2786,2786,2786,2911,2911,2911,3036,3036,3036,3037,3038,2663,4391,4391,4391,1913,1914,4391,4391,4392,4393,4391,4391,4391,4391,4391,4391,4392,4393,4392,4393,1913,1914,-1,-1,-1,-1,-1,-1,-1,-1,-1,-1,-1,-1,-1,-1,-1,-1,-1,-1,-1,-1,-1
-1,-1,-1,-1,-1,-1,-1,-1,-1,-1,-1,-1,-1,-1,-1,-1,-1,-1,-1,-1,-1,-1,-1,-1,-1,-1,-1,-1,-1,-1,-1,-1,-1,-1,-1,-1,-1,-1,-1,-1,-1,-1,-1,-1,-1,-1,2661,2661,2786,2786,2661,2661,2662,2663,2663,2911,3036,3037,3038,3036,3037,3038,2663,2788,2788,2913,2913,2913,3038,2661,2661,2661,2661,2661,2786,2786,3036,3037,3038,3038,3038,3036,3036,3036,3036,3037,3038,2913,2913,2913,2786,2786,2786,2786,2786,2786,2911,2911,2911,2911,2911,3036,3036,3036,3036,3037,3038,2913,2788,2788,-1,-1,-1,1913,1914,4391,4392,4393,4393,4391,4391,4391,4391,4392,4391,4391,4392,4393,1913,1913,1914,-1,-1,-1,-1,-1,-1,-1,-1,-1,-1,-1,-1,-1,-1,-1,-1,-1,-1,-1,-1,-1
-1,-1,-1,-1,-1,-1,-1,-1,-1,-1,-1,-1,-1,-1,-1,-1,-1,-1,-1,-1,-1,-1,-1,-1,-1,-1,-1,-1,-1,-1,-1,-1,-1,-1,-1,-1,-1,-1,-1,-1,-1,-1,-1,-1,-1,-1,2661,2786,2661,2661,2662,2661,2662,2663,2788,3036,3037,3038,3036,3037,3038,2661,2661,2661,2661,2661,2661,2661,2661,2786,2786,2661,2662,2663,2911,2911,2911,3036,3036,3037,3038,3037,3038,3038,3038,3038,3038,3038,3038,3038,2911,2911,2911,2911,2911,2911,3036,3036,3036,3036,3036,3037,3038,2661,3036,3037,3038,3038,2913,2913,-1,-1,-1,1913,1914,4391,4392,4393,4391,4391,4392,4393,4391,4391,4391,4391,4392,4393,1913,1914,1914,1914,-1,-1,-1,-1,-1,-1,-1,-1,-1,-1,-1,-1,-1,-1,-1,-1,-1,-1,-1,-1
-1,-1,-1,-1,-1,-1,-1,-1,-1,-1,-1,-1,-1,-1,-1,-1,-1,-1,-1,-1,-1,-1,-1,-1,-1,-1,-1,-1,-1,-1,-1,-1,-1,-1,-1,-1,-1,-1,-1,-1,-1,-1,-1,-1,-1,-1,2661,2661,2661,2662,2661,2661,2662,2663,2913,3037,3038,3036,3037,3038,2661,2786,2786,2786,2786,2786,2786,2786,2786,2911,2911,2786,2787,2788,3036,3036,3036,3037,3038,2786,2911,2911,2911,3036,3036,3036,3037,3038,2663,3036,3036,3036,3036,3036,3036,3036,3037,3038,2786,2786,2786,2786,2786,2786,2786,3036,3037,3038,3038,3038,-1,-1,3650,1913,1914,4391,4392,4393,4393,4391,4391,4391,4391,4391,4392,4391,4392,4393,1913,1914,1914,1914,1914,3652,-1,-1,-1,-1,-1,-1,-1,-1,-1,-1,-1,-1,-1,-1,-1,-1,-1,-1
-1,-1,-1,-1,-1,-1,-1,-1,-1,-1,-1,-1,-1,-1,-1,-1,-1,-1,-1,129,130,-1,2786,2787,2788,5272,129,130,-1,-1,-1,-1,-1,-1,-1,-1,-1,-1,-1,-1,-1,-1,-1,-1,-1,2661,2661,2661,2661,2661,2661,2662,2663,2663,3038,3038,3038,2786,2786,2786,2786,2911,2911,2911,2911,2911,2911,2911,2911,3036,3036,2911,2912,2913,3037,3038,2786,2911,2911,2911,3036,3036,3036,3036,3037,3038,3038,3038,2788,3036,3037,3038,2911,2911,2911,2911,2911,2911,2911,2911,2911,2911,2911,2911,2911,2911,2911,3036,3037,3038,-1,-1,3775,1913,1914,4391,4392,4393,4392,4393,3775,3776,4391,4391,4392,4391,4392,1913,1913,1914,1913,1913,1914,3777,-1,-1,-1,-1,-1,-1,-1,-1,-1,-1,-1,-1,-1,-1,-1,-1,-1,-1
-1,-1,-1,-1,-1,-1,-1,-1,-1,-1,-1,-1,-1,-1,-1,-1,-1,3625,-1,254,255,-1,2911,2912,2913,5272,254,255,5272,5263,-1,-1,-1,-1,-1,-1,-1,-1,-1,-1,-1,-1,-1,-1,2661,2786,2661,2661,2786,2661,2662,2663,2663,2788,3037,3038,2663,2911,2661,2661,2662,2663,3036,3036,3036,3036,3036,3036,3036,3037,3038,3036,3037,3038,2911,2911,2911,3036,3036,3036,3037,3038,2911,3036,3036,3037,3038,3038,2913,2663,2663,3036,3036,3036,3036,3036,3036,3036,3036,3036,3036,3036,3036,3036,3036,3036,3036,3036,3037,3038,-1,-1,-1,1913,1914,4391,4392,4393,4391,4391,4391,4391,4391,4392,4393,4391,4392,1913,1913,1914,1913,1913,1914,1914,-1,-1,-1,-1,-1,-1,-1,-1,-1,-1,-1,-1,-1,-1,-1,-1,-1,-1
-1,-1,-1,-1,-1,-1,-1,-1,-1,-1,-1,-1,-1,-1,-1,-1,4264,4264,-1,-1,-1,-1,-1,-1,-1,-1,-1,-1,-1,-1,-1,-1,-1,-1,-1,-1,-1,-1,-1,-1,-1,-1,-1,-1,2786,2661,2786,2786,2911,2661,2662,2663,2788,2913,2661,2661,2661,2661,2662,2663,2663,2661,2661,2661,2661,2661,2662,2663,2911,2911,3036,3036,3037,3038,3036,3036,3036,3037,3038,2911,2911,3036,3036,3037,3038,3036,3037,3038,3038,2662,2663,2788,2788,2663,-1,-1,-1,-1,-1,-1,-1,-1,-1,-1,-1,-1,-1,-1,-1,-1,-1,-1,-1,1913,1914,4391,4392,4393,4393,4391,4391,4391,4391,4392,4393,4391,4392,1913,1913,1914,1913,1913,1913,1914,-1,-1,-1,-1,-1,-1,-1,-1,-1,-1,-1,-1,-1,-1,-1,-1,-1,-1
-1,-1,-1,-1,-1,-1,-1,-1,-1,-1,-1,-1,-1,-1,-1,-1,4389,4389,-1,-1,-1,-1,-1,-1,-1,-1,-1,-1,-1,-1,-1,-1,-1,-1,-1,-1,-1,-1,-1,-1,-1,-1,-1,-1,2911,2786,2911,2911,2661,2662,2663,2788,2661,2661,2661,2661,2661,2661,2661,2661,2661,2786,2786,2786,2661,2662,2663,2663,3036,3036,3037,3036,3037,3038,2911,2911,2911,2911,3036,3036,3036,3037,3038,2661,2786,3036,3036,3037,3038,2661,2662,2663,2913,2788,-1,-1,-1,-1,-1,-1,-1,-1,-1,-1,-1,-1,-1,-1,-1,-1,-1,-1,-1,1913,1914,4391,4391,4392,4393,4391,4392,4391,4392,4393,4392,4391,4392,1913,1914,2663,1913,1913,1913,1914,-1,-1,-1,-1,-1,-1,-1,-1,-1,-1,-1,-1,-1,-1,-1,-1,-1,-1
-1,-1,-1,-1,-1,-1,-1,-1,-1,-1,-1,-1,-1,-1,-1,-1,-1,3875,-1,-1,-1,-1,-1,-1,-1,-1,-1,-1,-1,-1,-1,-1,-1,-1,-1,-1,-1,-1,-1,-1,-1,-1,-1,-1,3036,2911,3036,2661,2662,2663,2661,2661,2661,2661,2661,2786,2786,2786,2786,2786,2786,2911,2661,2662,2663,2663,2788,2788,2911,2911,3036,3036,3037,3038,3036,3036,3036,3036,3037,3038,2788,2788,2788,2786,2911,3036,3037,3038,2663,2661,2662,2663,3038,2913,2663,2663,2663,2663,2663,2663,2663,2663,2663,2663,2663,2663,2663,-1,-1,-1,-1,-1,3650,1913,1914,3650,4391,4392,4393,4392,4391,4391,4392,4393,4391,4392,4393,4393,3650,3650,1913,1914,3650,3651,3652,-1,-1,-1,-1,-1,-1,-1,-1,-1,-1,-1,-1,-1,-1,-1,-1,-1
-1,-1,-1,-1,-1,-1,-1,-1,-1,-1,-1,-1,-1,-1,-1,-1,-1,-1,-1,-1,-1,-1,-1,-1,-1,-1,-1,-1,-1,-1,-1,-1,-1,-1,-1,-1,-1,-1,-1,-1,-1,-1,-1,-1,-1,3036,2661,2661,2661,2661,2661,2786,2786,2786,2786,2911,2911,2911,2911,2911,2911,2661,2662,2663,2663,2788,2661,2662,2663,2663,2663,3036,3037,3038,2913,2913,2913,2913,2913,2913,2913,2661,2661,2911,3036,3036,3037,3038,2788,2786,2787,2788,3038,3038,2788,2788,2788,2788,2788,2788,2788,2788,2788,2788,2788,2788,2788,-1,-1,-1,-1,-1,3775,1913,1914,4391,4391,4391,4392,4391,4391,4392,4393,4391,4391,4392,4393,3775,3775,3775,3775,3775,3775,3776,3777,-1,-1,-1,-1,-1,-1,-1,-1,-1,-1,-1,-1,-1,-1,-1,-1,-1
-1,-1,-1,-1,-1,-1,-1,-1,-1,-1,-1,-1,-1,-1,-1,-1,-1,-1,-1,-1,-1,-1,-1,-1,-1,-1,-1,-1,-1,-1,-1,-1,-1,-1,-1,-1,-1,-1,-1,-1,-1,-1,-1,-1,2661,2661,2661,2786,2786,2786,2786,2911,2911,2911,2911,3036,3036,3036,3036,2661,2662,2663,2663,2661,2661,2662,2663,2663,2663,2788,2788,2913,2913,3038,3038,3038,3038,3038,3038,3038,2661,2786,2786,3036,3036,3037,3038,2788,2913,2911,2912,2913,2911,2912,2913,2913,2913,2913,2913,2913,2913,2913,2913,2913,2913,2913,2913,-1,-1,-1,-1,-1,-1,1913,1914,1914,4392,4391,4391,4391,1913,1913,1914,4391,4392,4393,4393,2663,2663,2788,-1,-1,-1,-1,-1,-1,-1,-1,-1,-1,-1,-1,-1,-1,-1,-1,-1,-1,-1,-1,-1,-1
-1,-1,-1,-1,-1,-1,-1,-1,-1,-1,-1,-1,-1,-1,-1,-1,-1,-1,-1,-1,-1,-1,-1,-1,-1,-1,-1,-1,-1,-1,-1,-1,-1,-1,-1,-1,-1,-1,-1,-1,-1,-1,2661,2661,2786,2786,2786,2911,2911,2911,2911,3036,3036,3036,3036,3037,2661,2662,2663,2661,2661,2662,2663,2663,2663,2663,2788,2788,2788,2913,2913,3038,3038,2661,2661,2661,2661,2661,2661,2661,2786,2911,2911,3036,3037,3038,3038,2913,3038,3036,3037,3038,3036,3037,3038,3038,3038,3038,3038,3038,3038,3038,3038,3038,3038,3038,3038,2663,-1,-1,-1,-1,-1,-1,1913,1914,4391,4392,4393,4393,3038,1913,1914,4391,4392,4393,4393,2663,2788,2913,-1,-1,-1,-1,-1,-1,-1,-1,-1,-1,-1,-1,-1,-1,-1,-1,-1,-1,-1,-1,-1,-1
-1,-1,-1,-1,-1,-1,-1,-1,-1,-1,-1,-1,-1,-1,-1,-1,-1,-1,-1,-1,-1,-1,-1,-1,-1,-1,-1,-1,-1,-1,-1,-1,-1,-1,-1,-1,-1,-1,-1,-1,-1,2661,2786,2786,2911,2911,2911,3036,3036,3036,3036,3037,3038,2661,2661,2661,2661,2661,2662,2663,2663,2663,2788,2788,2788,2788,2913,2913,2913,3038,3038,2663,2663,2663,2663,2663,2786,2661,2661,2786,2911,3036,3036,3037,3038,3036,3037,3038,3038,2786,2786,2786,2786,2786,2786,2911,2911,2911,2911,2911,2911,2911,3036,3036,3036,3037,3038,2788,2663,-1,-1,-1,-1,-1,1913,1914,4391,4392,4393,3036,3037,3038,2663,2663,4391,4392,4393,4393,2913,3038,-1,-1,-1,-1,-1,-1,-1,-1,-1,-1,-1,-1,-1,-1,-1,-1,-1,-1,-1,-1,-1,-1
-1,-1,-1,-1,-1,-1,-1,-1,-1,-1,-1,-1,-1,-1,-1,-1,-1,-1,-1,-1,-1,-1,-1,-1,-1,-1,-1,-1,-1,-1,-1,-1,-1,-1,-1,-1,-1,-1,-1,-1,2661,2786,2911,2911,3036,3036,3036,3037,3038,2913,2661,2661,2661,2661,2662,2663,2663,2663,2663,2788,2788,2788,2913,2913,2913,2913,3038,3038,3038,2663,2663,2663,2663,2663,2663,2661,2661,2786,2786,2911,3036,3036,3037,3038,3036,3036,3037,3038,2911,2911,2911,2911,2911,2911,2911,3036,3036,3036,3036,3036,3036,3036,3037,3038,2913,2913,2913,2913,2788,-1,-1,3651,3652,3651,3652,3653,3653,3653,3036,3036,3037,3038,2663,2788,4391,4392,4393,4393,3038,2788,2663,2663,2663,2663,-1,-1,-1,-1,-1,-1,-1,-1,-1,-1,-1,-1,-1,-1,-1,-1,-1,-1
-1,-1,-1,-1,-1,-1,-1,-1,-1,-1,-1,-1,-1,-1,-1,-1,-1,-1,-1,-1,-1,-1,-1,-1,-1,-1,-1,-1,-1,-1,-1,-1,-1,-1,-1,-1,-1,-1,-1,-1,2786,2911,3036,3036,2661,2661,2661,2661,2661,2661,2661,2662,2663,2663,2663,2663,2788,2788,2788,2913,2913,2913,3038,3038,3038,3038,2663,2788,2788,2788,2788,2788,2788,2661,2661,2786,2786,2911,2911,3036,3037,3038,2663,3038,2788,2788,2913,3036,3036,3036,3036,3036,3036,3036,3036,3037,3038,2663,2661,2661,2661,2661,3036,3037,3038,3038,3038,3038,2913,-1,2661,2661,2661,2661,2661,2661,2661,2661,3036,3037,3038,2788,2788,2913,2913,3036,3037,3038,2913,2913,2788,2788,2788,2788,2663,-1,-1,-1,-1,-1,-1,-1,-1,-1,-1,-1,-1,-1,-1,-1,-1,-1
-1,-1,-1,-1,-1,-1,-1,-1,-1,-1,-1,-1,-1,-1,-1,-1,-1,-1,-1,-1,-1,-1,-1,-1,-1,-1,-1,-1,-1,-1,-1,-1,-1,-1,-1,-1,-1,-1,-1,2661,2661,2661,2661,2661,2786,2786,2661,2662,2663,2663,2663,2663,2788,2788,2788,2788,2913,2913,2913,3038,3038,3038,2663,2663,2788,2788,2788,2913,2913,2661,2661,2661,2661,2786,2786,2911,2911,3036,3036,3037,3038,2913,2788,2913,2913,2913,3038,2663,2661,2661,2661,2661,2661,2661,2661,2661,2661,2661,2786,2786,2786,2786,2911,2911,2911,3036,3037,3038,3038,-1,2786,2786,2786,2786,2786,2786,2760,2661,3036,3037,3038,2913,2913,3038,2760,2886,3038,3038,3038,3038,2913,2913,2913,2913,2788,2663,-1,-1,-1,-1,-1,-1,-1,-1,-1,-1,-1,-1,-1,-1,-1,-1
-1,-1,-1,-1,-1,-1,-1,-1,-1,-1,-1,-1,-1,-1,-1,-1,-1,-1,-1,-1,-1,-1,-1,-1,-1,-1,-1,-1,-1,-1,-1,-1,-1,-1,-1,-1,-1,2661,2661,2786,2786,2786,2661,2662,2663,2663,2663,2663,2788,2788,2788,2788,2913,2913,2913,2913,3038,3038,3038,2661,2662,2663,2788,2788,2913,2913,2661,2661,2661,2786,2786,2786,2786,2911,2911,3036,3036,3037,3038,3038,3038,3038,2913,3038,3038,3038,2662,2663,2663,2663,2663,2786,2786,2786,2786,2786,2786,2786,2911,2911,2911,2911,3036,3036,3036,3036,3036,3037,3038,-1,2911,2911,2911,2911,2911,2911,2885,2786,3036,3037,3038,3038,3038,2786,2885,2786,2786,3036,3037,3038,3038,3038,3038,3038,2913,2788,-1,-1,-1,-1,-1,-1,-1,-1,-1,-1,-1,-1,-1,-1,-1,-1
-1,-1,-1,-1,-1,-1,-1,-1,-1,-1,-1,-1,-1,-1,-1,-1,-1,-1,-1,-1,-1,-1,-1,-1,-1,-1,-1,-1,-1,-1,-1,-1,-1,-1,-1,-1,-1,2786,2786,2911,2661,2662,2663,2663,2663,2788,2788,2788,2913,2913,2913,2913,3038,3038,3038,3038,2788,2788,2661,2662,2663,2788,2913,2661,2661,2661,2786,2786,2786,2911,2911,2911,2911,3036,3036,3037,3038,3038,3038,3036,3037,3038,3038,3037,3038,2663,2663,2663,2788,2788,2788,2911,2911,2911,2911,2911,2911,2911,3036,3036,3036,3036,3036,3037,3038,2913,2913,2788,-1,-1,3036,3036,3036,3036,3036,3036,3036,2911,2911,3879,3880,3881,3882,2911,2911,2911,2911,2786,2786,2786,2786,3036,3037,3038,3038,2913,-1,-1,-1,-1,-1,-1,-1,-1,-1,-1,-1,-1,-1,-1,-1,-1
-1,-1,-1,-1,-1,-1,-1,-1,-1,-1,-1,-1,-1,-1,-1,-1,-1,-1,-1,-1,-1,-1,-1,-1,-1,-1,-1,-1,-1,-1,-1,-1,-1,-1,-1,-1,-1,2911,2911,3036,2786,2661,2661,2661,2661,2661,2661,2661,2661,2661,2661,2661,2661,2661,2661,2661,2661,2661,2661,2661,2661,2662,2663,2663,2786,2786,2911,2911,2911,3036,3036,3036,3036,3037,3038,3036,3037,3038,3036,3037,3038,2788,2913,2663,2663,2788,2788,2788,2913,2913,2913,3036,3036,3036,3036,3036,3036,3036,3037,3038,3036,3037,3038,3038,3038,3038,3038,2913,-1,-1,2911,3036,3037,3038,2663,2663,2663,3036,3036,4004,4005,4006,4007,3036,3036,3036,3036,2911,2911,2911,2911,2911,3036,3037,3038,3038,-1,-1,-1,-1,-1,-1,-1,-1,-1,-1,-1,-1,-1,-1,-1,-1
-1,-1,-1,-1,-1,-1,-1,-1,-1,-1,-1,-1,-1,-1,-1,-1,-1,-1,-1,-1,-1,-1,-1,-1,-1,-1,-1,-1,-1,-1,-1,-1,-1,-1,-1,-1,-1,3036,3036,3036,2911,2786,2786,2786,2786,2786,2786,2786,2786,2786,2786,2786,2786,2786,2786,2786,2786,2661,2662,2663,2663,2663,2663,2788,2911,2911,3036,3036,3036,3037,3038,3036,3036,3037,3038,3036,3037,3038,2913,2913,2913,2913,3038,2788,2788,2913,2913,2913,3038,3038,3038,2911,2911,2911,2911,2911,2911,2911,2911,2911,3036,3036,3036,3037,3038,3037,3038,3038,-1,-1,3036,3036,3037,3038,2788,2788,2788,2788,2788,4129,4130,4131,4132,2788,2788,2788,2788,3036,3036,3036,3036,3036,3036,3036,3037,3038,-1,-1,-1,-1,-1,-1,-1,-1,-1,-1,-1,-1,-1,-1,-1,-1
-1,-1,-1,-1,-1,-1,-1,-1,-1,-1,-1,-1,-1,-1,-1,-1,-1,-1,-1,-1,-1,-1,-1,-1,-1,-1,-1,-1,-1,-1,-1,-1,-1,-1,-1,-1,-1,-1,-1,-1,3036,2911,2911,2911,2911,2911,2911,2911,2911,2911,2661,2662,2663,2663,2663,2663,2663,2663,2663,2663,2788,2788,2788,2913,3036,3036,3037,3038,3038,3036,3036,3036,3037,3038,3038,2788,2913,2913,3038,3038,3038,3038,2788,2913,2913,3038,3038,3038,3037,3038,-1,3036,3036,3036,3036,3036,3036,3036,3036,3036,3036,3037,3038,2911,2912,3036,3037,3038,-1,-1,3036,3037,3038,3038,2913,2913,2913,2913,2913,4254,4255,4256,4257,2913,2913,2913,2913,2913,2913,2913,2913,-1,-1,-1,-1,-1,-1,-1,-1,-1,-1,-1,-1,-1,-1,-1,-1,-1,-1,-1,-1,-1
-1,-1,-1,-1,-1,-1,-1,-1,-1,-1,-1,-1,-1,-1,-1,-1,-1,-1,-1,-1,-1,-1,-1,-1,-1,-1,-1,-1,-1,-1,-1,-1,-1,-1,-1,-1,-1,-1,-1,-1,-1,3036,2661,2661,2661,2661,2661,2661,2661,2661,2661,2661,2661,2661,2661,2661,2661,2661,2661,2661,2661,2661,2661,2662,2663,2663,2663,2663,3036,3036,3037,3038,2913,2913,2913,2913,3038,3038,3036,3036,3037,3038,2913,3038,3038,3036,3036,3037,3038,3038,-1,2786,2786,2786,2786,2786,2786,2786,2786,2786,2786,2786,2786,3036,3037,3038,2913,-1,-1,-1,-1,3036,3037,3038,3038,3038,3038,3038,3038,3038,3038,3038,3038,3038,3038,3038,3038,3038,3038,3038,3038,-1,-1,-1,-1,-1,-1,-1,-1,-1,-1,-1,-1,-1,-1,-1,-1,-1,-1,-1,-1,-1
-1,-1,-1,-1,-1,-1,-1,-1,-1,-1,-1,-1,-1,-1,-1,-1,-1,-1,-1,-1,-1,-1,755,756,757,-1,-1,-1,-1,-1,-1,-1,-1,-1,-1,-1,-1,-1,-1,-1,-1,2661,2786,2786,2786,2786,2786,2786,2786,2786,2786,2786,2786,2786,2661,2662,2663,2663,2663,2663,2663,2663,2663,2663,2663,2788,2788,2788,2788,2913,2913,2913,3038,3038,3038,3038,3036,3036,3036,3037,3038,3038,3038,3036,3036,3037,3038,3036,3037,3038,-1,2911,2911,2911,2911,2911,2911,2911,2911,2911,2911,2911,2911,3036,3037,3038,3038,-1,-1,-1,-1,-1,-1,-1,-1,-1,3776,2661,2662,2663,2663,2663,2661,2662,2663,-1,-1,-1,-1,-1,-1,-1,-1,-1,-1,-1,-1,-1,-1,-1,-1,-1,-1,-1,-1,-1,-1,-1,-1,-1,-1,-1
-1,-1,-1,-1,-1,-1,-1,-1,-1,-1,-1,-1,-1,-1,-1,-1,-1,-1,-1,-1,-1,-1,880,881,882,-1,-1,-1,-1,-1,-1,-1,-1,-1,-1,-1,-1,-1,-1,-1,-1,2786,2911,2911,2911,2911,2911,2661,2662,2663,2663,2663,2663,2663,2663,2663,2788,2788,2788,2788,2788,2788,2788,2788,2788,2913,2913,2913,2913,3038,3038,3038,2911,2911,3036,3036,3036,3037,3038,3038,2911,3036,3036,3036,3037,3038,2911,3036,3037,3038,-1,3036,3036,3036,3036,3036,3036,3036,3036,3036,3036,3036,3036,3036,3036,3037,3038,-1,-1,-1,-1,-1,-1,-1,-1,-1,-1,3628,3629,5534,5534,5907,4467,5530,5531,-1,-1,-1,-1,-1,-1,-1,-1,-1,-1,-1,-1,-1,-1,-1,-1,-1,-1,-1,-1,-1,-1,-1,-1,-1,-1,-1
-1,-1,-1,-1,-1,-1,-1,-1,-1,-1,-1,-1,-1,-1,-1,-1,-1,-1,-1,-1,-1,-1,880,881,882,1264,-1,-1,-1,-1,-1,-1,-1,-1,-1,-1,-1,-1,-1,-1,-1,2661,2662,2663,2663,2663,2663,2663,2663,2788,2788,2788,2788,2788,2788,2788,2913,2913,2661,2661,2661,2661,2661,2662,2663,2663,3038,3038,3038,2911,2911,2911,3036,3036,3036,3037,3038,3038,3038,2911,3036,3036,3037,3038,2786,2911,3036,3036,3037,3038,2662,3036,3037,3038,3038,3038,3038,3038,3038,3038,3038,2913,2788,2788,2913,2788,-1,-1,-1,-1,-1,-1,-1,-1,-1,-1,-1,3753,3754,5534,5534,4467,4467,5655,5656,-1,-1,-1,-1,-1,-1,-1,-1,-1,-1,-1,-1,-1,-1,-1,-1,-1,-1,-1,-1,-1,-1,-1,-1,-1,-1,-1
-1,-1,-1,-1,-1,-1,-1,-1,-1,-1,-1,-1,-1,-1,-1,-1,-1,-1,-1,-1,-1,-1,880,881,882,-1,-1,-1,-1,-1,-1,-1,-1,-1,-1,-1,-1,-1,2661,2662,2663,2663,2663,2788,2788,2788,2788,2788,2788,2661,2661,2661,2661,2661,2661,2661,2662,2663,2663,2663,2663,2661,2661,2661,2661,2662,2663,2911,2911,3036,3036,3036,3037,3038,3036,3037,3038,2911,3036,3036,3037,3038,2911,2911,2911,3036,3036,3037,3038,3038,2661,2661,2661,2661,2661,2661,2661,2661,2661,3036,3037,3038,2913,2913,3038,2913,2663,-1,-1,-1,-1,-1,-1,-1,-1,-1,-1,3878,6285,5780,5534,5782,6157,5780,5781,-1,-1,-1,-1,-1,-1,-1,-1,-1,-1,-1,-1,-1,-1,-1,-1,-1,-1,-1,-1,-1,-1,-1,-1,-1,-1,-1
-1,-1,-1,-1,-1,-1,-1,-1,-1,-1,-1,-1,-1,-1,-1,-1,-1,-1,-1,-1,1263,-1,880,881,882,-1,-1,-1,-1,-1,-1,-1,-1,-1,-1,-1,-1,-1,2661,2661,2661,2661,2661,2661,2661,2661,2661,2661,2662,2663,2663,2663,2661,2661,2661,2661,2661,2661,2661,2661,2661,2786,2786,2661,2662,2663,2663,3036,3036,3037,3038,2662,2663,2663,2663,2663,2663,2663,2663,2663,2663,2663,3036,3036,3036,3037,3038,3037,3038,2786,2786,2786,2786,2786,2786,2786,2786,2786,2786,3036,3037,3038,3038,3038,3038,3038,2788,-1,-1,-1,-1,-1,-1,-1,-1,-1,-1,4003,6285,5905,5534,5907,5907,5905,5906,-1,-1,-1,-1,-1,-1,-1,-1,-1,-1,-1,-1,-1,-1,-1,-1,-1,-1,-1,-1,-1,-1,-1,-1,-1,-1,-1
-1,-1,-1,-1,-1,-1,-1,-1,-1,-1,-1,-1,-1,-1,-1,-1,-1,-1,-1,-1,-1,-1,880,881,882,-1,-1,-1,-1,-1,-1,-1,-1,-1,-1,-1,-1,-1,2786,2786,2786,2786,2661,2661,2661,2661,2661,2661,2661,2661,2661,2661,2786,2786,2786,2786,2786,2786,2786,2786,2786,2661,2662,2663,2663,2663,2788,3038,3038,3038,2663,2663,2788,2788,2788,2788,2788,2788,2788,2788,2788,2788,2663,2788,2911,3036,3037,3038,2663,2911,2911,2911,2911,2911,2911,2911,2911,2911,2911,3036,3037,3038,2661,3036,3037,3038,2913,-1,-1,-1,-1,-1,-1,-1,-1,-1,-1,3628,3629,6030,5534,6032,4467,5530,5531,-1,-1,-1,-1,-1,-1,-1,-1,-1,-1,-1,-1,-1,-1,-1,-1,-1,-1,-1,-1,-1,-1,-1,-1,-1,-1,-1
-1,-1,-1,-1,-1,-1,-1,-1,-1,-1,-1,-1,-1,-1,-1,-1,-1,-1,-1,-1,-1,-1,880,881,882,-1,-1,-1,-1,-1,-1,-1,-1,-1,-1,-1,-1,-1,2911,2911,2661,2661,2786,2786,2786,2786,2786,2786,2786,2786,2786,2786,2911,2911,2911,2911,2911,2911,2661,2662,2663,2663,2663,2788,2788,2788,2913,2788,2788,2788,2788,2788,2913,2913,2913,2913,2913,2913,2913,2913,2913,2913,2788,2661,3036,3037,3038,2913,2788,3036,3036,3036,3036,3036,3036,3036,3036,3036,3036,3036,3037,3038,2786,3036,3037,3038,3038,-1,-1,-1,-1,-1,-1,-1,-1,-1,-1,3753,3754,6155,5534,6157,4467,5655,5656,-1,-1,-1,-1,-1,-1,-1,-1,-1,-1,-1,-1,-1,-1,-1,-1,-1,-1,-1,-1,-1,-1,-1,-1,-1,-1,-1
-1,-1,-1,-1,-1,-1,-1,-1,-1,-1,-1,-1,-1,-1,-1,-1,-1,-1,-1,-1,-1,-1,880,881,882,-1,-1,-1,-1,-1,-1,-1,-1,-1,-1,-1,-1,-1,3036,3036,2786,2786,2911,2911,2911,2911,2911,2911,2911,2911,2911,2911,3036,3036,3036,3036,2661,2662,2663,2663,2663,2788,2788,2661,2661,2662,2663,2913,2913,2913,2913,2913,2661,2661,2661,2661,2662,2663,2663,3038,3038,3038,2913,2786,3036,3037,3038,3038,2913,-1,-1,-1,2911,2911,2911,2911,2911,2911,2911,2911,2911,2911,2911,2911,3036,3037,3038,-1,-1,-1,-1,-1,-1,-1,-1,-1,-1,3878,2662,5780,5534,5782,6032,5780,5781,-1,-1,-1,-1,-1,-1,-1,-1,-1,-1,-1,-1,-1,-1,-1,-1,-1,-1,-1,-1,-1,-1,-1,-1,-1,-1,-1
-1,-1,-1,-1,-1,-1,-1,-1,-1,-1,-1,-1,-1,-1,-1,-1,-1,-1,-1,-1,-1,-1,880,881,882,-1,-1,-1,-1,-1,-1,-1,-1,-1,-1,-1,-1,-1,-1,-1,2911,2911,3036,3036,3036,3036,3036,3036,3036,3036,3036,3036,3037,2661,2662,2663,2663,2661,2661,2661,2661,2661,2662,2663,2663,2663,2663,2661,2661,2661,2661,2662,2663,2663,2663,2663,2663,2788,2788,3036,3037,3038,3038,2911,2911,3036,3037,3038,3038,-1,-1,-1,3036,3036,3036,3036,3036,3036,3036,3036,3036,3036,3036,3036,3036,3037,3038,-1,-1,-1,-1,-1,-1,-1,-1,-1,-1,4003,2662,5905,5534,5907,6157,5905,5906,-1,-1,-1,-1,-1,-1,-1,-1,-1,-1,-1,-1,-1,-1,-1,-1,-1,-1,-1,-1,-1,-1,-1,-1,-1,-1,-1
-1,-1,-1,-1,-1,-1,-1,-1,-1,-1,-1,-1,-1,-1,-1,-1,-1,-1,-1,-1,-1,-1,880,881,882,-1,-1,886,887,-1,-1,-1,-1,-1,-1,-1,-1,-1,-1,-1,3036,3036,3036,3037,3038,-1,2786,2786,2786,2786,2661,2661,2662,2663,2663,2663,2663,2663,2663,2663,2663,2663,2663,2663,2788,2788,2788,2663,2663,2663,2663,2663,2663,2788,2788,2788,2788,2913,2913,3036,3036,3037,3038,3036,3036,3036,3036,3037,3038,2663,2663,2663,2663,3036,3037,3038,3038,2913,2913,2913,2913,2913,2913,2913,2788,2788,2788,-1,-1,-1,-1,-1,-1,-1,-1,-1,-1,3628,3629,5780,5534,5782,4467,5530,5531,-1,-1,-1,-1,-1,-1,-1,-1,-1,-1,-1,-1,-1,-1,-1,-1,-1,-1,-1,-1,-1,-1,-1,-1,-1,-1,-1
-1,-1,-1,-1,-1,-1,-1,-1,-1,-1,-1,-1,-1,-1,-1,-1,-1,-1,-1,-1,-1,-1,1005,1006,1007,-1,-1,1011,1012,-1,-1,-1,-1,-1,-1,-1,-1,-1,-1,-1,-1,-1,-1,-1,-1,-1,2661,2661,2662,2663,2663,2663,2663,2788,2788,2788,2788,2788,2788,2788,2788,2788,2788,2788,2913,2913,2913,2788,2788,2788,2788,2788,2788,2913,2913,2913,2913,3038,3038,3038,2663,2663,2787,2787,2662,2662,2662,2662,2662,2662,2663,2663,2788,2788,3036,3037,3038,3038,3038,3038,3038,3038,3038,3038,2913,2913,2913,-1,-1,-1,-1,-1,-1,-1,-1,-1,-1,3753,3754,5905,5534,5534,4467,5655,5656,-1,-1,-1,-1,-1,-1,-1,-1,-1,-1,-1,-1,-1,-1,-1,-1,-1,-1,-1,-1,-1,-1,-1,-1,-1,-1,-1
-1,-1,-1,-1,-1,-1,-1,-1,-1,-1,-1,-1,-1,-1,-1,-1,-1,-1,-1,-1,-1,-1,-1,-1,-1,-1,-1,-1,-1,-1,-1,-1,-1,-1,-1,-1,-1,-1,-1,-1,-1,-1,-1,-1,-1,2661,2661,2661,2661,2661,2661,2661,2661,2661,2661,2661,2661,2662,2663,2663,2663,2663,2663,2663,2663,2663,2663,2663,2663,2663,2661,2661,2661,2661,2661,2662,2663,2788,2788,2788,2788,2788,2663,2663,2663,2663,2663,2663,2663,2663,2663,2662,2662,2662,2662,2662,2787,2787,2787,2662,2662,3036,3037,3038,3038,3038,3038,-1,-1,-1,-1,-1,-1,-1,-1,-1,-1,3878,6035,5780,5780,5534,5782,5780,5781,-1,-1,-1,-1,-1,-1,-1,-1,-1,-1,-1,-1,-1,-1,-1,-1,-1,-1,-1,-1,-1,-1,-1,-1,-1,-1,-1
-1,-1,-1,-1,-1,-1,-1,-1,-1,-1,-1,-1,-1,-1,-1,-1,-1,-1,886,887,-1,-1,-1,-1,-1,-1,-1,-1,-1,-1,-1,-1,-1,-1,-1,-1,-1,-1,-1,-1,-1,-1,-1,-1,-1,2786,2786,2661,2661,2661,2661,2661,2662,2663,2663,2663,2663,2663,2788,2788,2788,2661,2661,2661,2662,2663,2788,2788,2788,2788,2786,2786,2786,2786,2786,2787,2788,2913,2913,2913,2913,2913,2662,2662,2662,2662,2662,2662,2662,2662,2662,2787,2787,2787,2787,2787,2788,2788,2788,2787,2787,2787,2787,2662,2662,2663,-1,-1,-1,5909,5910,5911,5912,5913,-1,-1,-1,4003,6160,5905,5905,5534,5907,5905,5906,-1,-1,-1,2663,2663,2663,2663,2663,2662,2662,2662,-1,-1,-1,-1,-1,-1,-1,-1,-1,-1,-1,-1,-1,-1,-1,-1
-1,-1,-1,-1,-1,-1,-1,-1,-1,-1,-1,-1,-1,-1,-1,-1,-1,-1,1011,1012,-1,-1,-1,-1,-1,-1,-1,-1,-1,-1,-1,-1,-1,-1,-1,-1,-1,-1,-1,-1,-1,-1,-1,-1,-1,2911,2911,2786,2786,2786,2661,2661,2661,2661,2661,2661,2661,2661,2661,2661,2661,2786,2786,2786,2787,2788,2913,2913,2913,2913,2911,2911,2911,2911,2911,2912,2913,3038,3038,3038,3038,3038,2787,2787,2787,2787,2787,2787,2787,2787,2787,2787,2787,2787,2787,2787,2787,2787,2787,2787,2788,2788,2788,2787,2787,2788,2663,2663,2663,2663,2663,2663,2663,2663,2663,2663,2662,3036,3036,3036,3036,3036,3037,3038,2663,2663,2662,2662,2662,2663,2663,2663,2663,2663,2662,2662,-1,-1,-1,-1,-1,-1,-1,-1,-1,-1,-1,-1,-1,-1,-1,-1
-1,-1,-1,-1,-1,-1,-1,-1,-1,-1,-1,-1,-1,-1,-1,-1,-1,-1,-1,-1,-1,-1,-1,-1,-1,-1,-1,-1,-1,-1,-1,-1,-1,-1,-1,-1,-1,-1,-1,-1,-1,-1,-1,-1,-1,3036,3036,2911,2911,2911,2786,2786,2786,2786,2786,2786,2786,2786,2786,2786,2786,2911,2911,2911,2912,2913,3038,3038,3038,3038,3036,3036,3036,3036,3036,3037,3038,3036,3036,3036,3037,3038,-1,-1,-1,-1,-1,-1,-1,809,810,-1,-1,5282,5283,5284,5285,5286,5286,5286,-1,-1,-1,-1,-1,-1,2662,2662,2662,2662,2662,2662,2662,2662,2662,2662,2787,2787,2787,2787,2787,2662,2663,2663,2663,2663,2663,2663,2787,2662,2663,2663,2663,2663,2662,2662,-1,-1,-1,-1,-1,-1,-1,-1,-1,-1,-1,-1,-1,-1,-1,-1
-1,-1,-1,-1,-1,-1,-1,-1,-1,-1,-1,-1,-1,-1,-1,-1,-1,-1,-1,-1,-1,-1,-1,-1,-1,-1,-1,-1,-1,-1,-1,-1,-1,-1,-1,-1,-1,-1,-1,-1,-1,-1,-1,-1,-1,-1,-1,3036,3036,3036,2911,2911,2911,2911,2911,2911,2911,2911,2911,2911,2911,3036,3036,3036,3037,3038,3036,3036,3037,3038,3036,3037,3038,3038,3038,-1,-1,-1,-1,-1,-1,-1,-1,-1,-1,-1,-1,-1,-1,934,5282,5283,5282,5283,5284,5285,5286,5286,5411,5411,5286,5286,-1,-1,-1,-1,2787,2787,2787,2787,2787,2787,2787,2787,2787,2787,2787,2787,2787,2787,2787,2787,2662,2662,2662,2662,2662,2662,2787,2787,2663,2663,2663,2663,2662,2662,-1,-1,-1,-1,-1,-1,-1,-1,-1,-1,-1,-1,-1,-1,-1,-1
-1,-1,-1,-1,-1,-1,-1,-1,-1,-1,-1,-1,-1,-1,-1,-1,-1,-1,-1,-1,-1,-1,-1,-1,-1,-1,-1,-1,-1,-1,-1,-1,-1,-1,-1,-1,-1,-1,-1,-1,-1,-1,-1,-1,-1,-1,5282,5283,5284,5285,3036,3036,3036,3036,3036,3036,3036,3036,3036,3036,3036,3037,3038,2911,2911,2911,2911,2911,2911,2911,3036,3036,3036,3037,3038,5286,5286,5286,5286,5286,5286,5286,5282,5282,5283,5284,5285,2661,2662,2663,5407,5282,5283,5284,5285,5286,5286,5411,5536,5536,5411,5411,5286,5286,2663,2663,2663,2663,2663,2662,2662,2662,2662,2662,2787,2787,2787,2787,2787,2787,2787,2787,2787,2787,2787,2662,2787,2787,2787,2787,2663,2663,2663,2663,2662,2662,-1,-1,-1,-1,-1,-1,-1,-1,-1,-1,-1,-1,-1,-1,-1,-1
-1,-1,-1,-1,-1,-1,-1,-1,-1,-1,-1,-1,-1,-1,-1,-1,-1,-1,-1,-1,-1,-1,-1,-1,-1,-1,-1,-1,-1,-1,-1,-1,-1,-1,-1,-1,-1,-1,-1,-1,-1,-1,-1,-1,-1,-1,5407,5408,5409,5410,5411,5411,5536,5411,5286,5286,5285,5286,-1,-1,-1,3036,3036,3036,3036,3036,3036,3036,3036,3036,3036,3037,3038,5411,5411,5411,5411,5411,5286,5411,5411,5411,5286,5286,5408,5409,5410,2661,2661,2661,2661,2662,2663,5284,5285,5286,5411,5536,5661,5661,5536,5536,5411,5411,2662,2663,2663,2663,2663,2663,2663,2662,2662,2662,2662,2662,2787,2788,2788,2788,2788,2788,2788,2788,2788,2787,2662,2787,-1,2663,2663,2663,2663,2662,2662,2662,-1,-1,-1,-1,-1,-1,-1,-1,-1,-1,-1,-1,-1,-1,-1,-1
-1,-1,-1,-1,-1,-1,-1,-1,-1,-1,-1,-1,-1,-1,-1,-1,-1,-1,-1,-1,-1,-1,-1,-1,-1,-1,-1,-1,-1,-1,-1,-1,-1,-1,-1,-1,-1,-1,-1,-1,-1,-1,-1,-1,-1,-1,5532,5533,5534,5535,5536,5536,5661,2663,2663,2663,2663,2663,2663,2663,2663,2663,2663,2662,2662,2662,2662,2662,2787,5282,5282,5282,5282,5282,5282,5282,5283,5284,5285,5286,5536,5536,5411,5411,5533,5534,5535,2786,2786,2786,2661,2661,2662,2663,2663,5286,5536,5661,5660,5661,5661,5661,5536,5536,2787,2662,2662,2662,2663,2663,2663,2663,2663,2662,2662,2662,2662,2662,2787,2787,2787,2787,2787,2787,2787,2788,2787,2787,2663,2663,2663,2663,2662,2662,2662,2662,-1,-1,-1,-1,-1,-1,-1,-1,-1,-1,-1,-1,-1,-1,-1,-1
-1,-1,-1,-1,-1,-1,-1,-1,-1,-1,-1,-1,-1,-1,-1,-1,-1,-1,-1,-1,-1,-1,-1,-1,-1,-1,-1,-1,-1,-1,-1,-1,-1,-1,-1,-1,-1,-1,-1,-1,-1,-1,-1,-1,-1,-1,5657,5658,5659,5660,2663,2663,2663,2662,2662,2662,2662,2662,2662,2663,2663,2663,2663,2663,2663,2663,2663,2663,2662,2662,2662,2662,2662,2787,5407,5407,5408,5409,5410,5411,5661,5661,5536,5536,5283,5284,5285,2911,2661,2662,2663,2663,2663,2788,2788,5286,5661,5657,5658,5659,5660,5661,5661,5661,5661,2787,2787,2787,2662,2662,2663,2663,2663,2663,2663,2663,2663,2663,2663,2662,2662,2662,2662,2662,2787,2787,2788,2787,2663,2663,2663,2662,2662,2662,2662,2662,-1,-1,-1,-1,-1,-1,-1,-1,-1,-1,-1,-1,-1,-1,-1,-1
-1,-1,-1,-1,-1,-1,-1,-1,-1,-1,-1,-1,-1,-1,-1,-1,-1,-1,-1,-1,-1,-1,-1,-1,-1,-1,-1,-1,-1,-1,-1,-1,-1,-1,-1,-1,-1,-1,-1,-1,-1,-1,-1,-1,-1,-1,5657,2663,2663,2663,2662,2662,2662,2787,2787,2787,2787,2787,2787,2662,2662,2662,2662,2662,2663,2663,2663,2663,2662,2662,2662,2662,2662,2787,5532,5532,5533,5534,5535,5536,5660,5661,5661,5661,5286,5286,2661,2662,2663,2663,2663,2788,2788,2913,2913,5411,5657,5657,5658,5659,5660,5661,5658,5659,5660,5661,-1,-1,2787,2787,2662,2662,2662,2662,2662,2662,2663,2663,2663,2663,2663,2663,2663,2663,2662,2662,2662,2662,2662,2787,2662,2662,2662,2662,2787,2787,-1,-1,-1,-1,-1,-1,-1,-1,-1,-1,-1,-1,-1,-1,-1,-1
-1,-1,-1,-1,-1,-1,-1,-1,-1,-1,-1,-1,-1,-1,-1,-1,-1,-1,-1,-1,-1,-1,-1,-1,-1,-1,-1,-1,-1,-1,-1,-1,-1,-1,-1,-1,-1,-1,-1,-1,-1,-1,-1,-1,-1,-1,5657,2662,2662,2662,2787,2787,2787,2787,2787,2787,2787,2787,2787,2787,2787,2787,2787,2787,2662,2662,2662,2662,2787,2787,2787,2787,2787,2788,5657,5657,5658,5659,5660,5661,5658,5659,5660,5661,5411,2661,2661,2661,2661,2661,2661,2661,2661,2661,2662,2663,5407,5407,5407,5407,5407,5657,5658,5659,5660,5661,-1,-1,-1,-1,2787,2787,2787,2787,2787,2787,2662,2662,2663,2663,2663,2663,2662,2662,2662,2662,2662,2787,2787,2787,2787,2787,2787,2787,2787,2788,-1,-1,-1,-1,-1,-1,-1,-1,-1,-1,-1,-1,-1,-1,-1,-1
-1,-1,-1,-1,-1,-1,-1,-1,-1,-1,-1,-1,-1,-1,-1,-1,4393,-1,-1,-1,-1,-1,-1,-1,-1,-1,-1,-1,-1,-1,-1,-1,-1,-1,-1,-1,-1,-1,-1,-1,-1,-1,-1,-1,2663,2663,2663,2787,2787,2787,2787,2787,2787,2787,2787,2787,2787,2787,2787,2788,2788,2788,2788,2788,2787,2787,2787,2787,2787,2787,2787,2787,2787,2787,5657,5658,5659,5660,5661,5658,5659,5660,5661,5536,5536,2786,2786,2661,2662,2663,2663,2663,2663,2663,2663,2663,5532,5532,5532,5532,5532,5657,5658,5659,5660,5661,-1,-1,-1,-1,-1,-1,-1,-1,-1,-1,2787,2787,2663,2663,2663,2663,2662,2662,2662,2662,2662,2787,2788,2788,2788,2788,2788,2788,2788,2787,-1,-1,-1,-1,-1,-1,-1,-1,-1,-1,-1,-1,-1,-1,-1,-1
-1,-1,-1,-1,-1,-1,-1,-1,-1,-1,-1,-1,-1,-1,-1,-1,4393,-1,-1,-1,-1,-1,-1,-1,-1,-1,-1,-1,-1,-1,-1,-1,-1,-1,-1,-1,-1,-1,-1,-1,-1,-1,2663,2663,2662,2662,2662,2787,2787,2787,2787,2787,2787,2787,2787,2787,2787,2787,2787,2787,2787,2787,2787,2787,2787,2787,2787,2787,2787,2787,2787,2787,2787,2787,2787,2787,2787,2787,2787,2787,2787,5661,5661,5661,5661,2911,2911,2786,2787,2788,2788,2788,2788,2788,2788,2788,5657,5657,5657,5657,5657,5657,5658,5659,5660,5661,-1,-1,-1,-1,-1,-1,-1,-1,-1,-1,2663,2663,2663,2663,2662,2662,2662,2662,2662,2787,2787,2787,2787,2787,2787,2787,2787,2787,2787,-1,-1,-1,-1,-1,-1,-1,-1,-1,-1,-1,-1,-1,-1,-1,-1,-1
-1,-1,-1,-1,-1,-1,-1,-1,-1,-1,-1,-1,-1,-1,-1,-1,1626,-1,-1,-1,-1,-1,-1,-1,-1,-1,-1,-1,-1,-1,-1,-1,-1,-1,-1,-1,-1,-1,-1,-1,-1,-1,2662,2662,2787,2787,2787,2787,2787,2787,2787,2787,2787,2787,2787,2787,2787,2787,2787,2787,2787,2787,2787,2787,2787,2787,2787,2787,2787,2787,2788,2788,2788,2788,2788,2788,2788,2788,2788,2788,2788,-1,-1,-1,-1,3036,3036,2911,2912,2913,2913,2913,2913,2913,2913,2913,-1,-1,-1,-1,-1,-1,-1,-1,-1,-1,-1,-1,-1,2663,2663,2663,2663,2662,2662,2662,2662,2662,2787,2663,2662,2662,2662,2662,2662,2787,2788,2788,2788,2788,2788,2787,2787,-1,-1,-1,-1,-1,-1,-1,-1,-1,-1,-1,-1,-1,-1,-1,-1,-1,-1,-1
-1,-1,-1,-1,-1,-1,-1,-1,-1,-1,-1,-1,-1,-1,-1,-1,1751,-1,-1,-1,-1,-1,-1,-1,-1,-1,-1,-1,-1,-1,-1,-1,-1,-1,-1,-1,-1,-1,-1,-1,-1,-1,2787,2787,2787,2787,2787,2787,2787,2787,2787,2787,2787,2787,2787,2787,2787,2787,2787,2787,2787,2787,2787,2787,2787,2787,2787,2787,2787,2787,2787,2787,2787,2787,2787,2787,2787,2787,2787,2787,2787,-1,-1,-1,-1,-1,-1,3036,3037,3038,3038,3038,3038,3038,3038,3038,-1,-1,-1,-1,-1,-1,-1,-1,-1,-1,-1,-1,2663,2663,2663,2663,2662,2662,2662,2662,2662,2787,2787,2663,2662,2662,2662,2662,2662,2787,2787,2787,2787,2787,2787,-1,-1,-1,-1,-1,-1,-1,-1,-1,-1,-1,-1,-1,-1,-1,-1,-1,-1,-1,-1,-1
-1,-1,-1,-1,-1,-1,-1,-1,-1,-1,-1,-1,-1,-1,-1,-1,1751,-1,-1,-1,-1,-1,-1,-1,-1,-1,-1,-1,-1,-1,-1,-1,-1,-1,-1,-1,-1,-1,-1,-1,-1,-1,-1,-1,-1,-1,-1,-1,-1,-1,-1,-1,-1,-1,-1,-1,-1,-1,-1,-1,-1,-1,-1,-1,-1,-1,-1,-1,-1,-1,-1,-1,-1,-1,-1,-1,-1,-1,-1,-1,-1,-1,-1,-1,-1,-1,-1,-1,-1,-1,-1,-1,-1,-1,-1,-1,-1,-1,-1,-1,-1,-1,-1,-1,-1,-1,-1,-1,2663,2663,2663,2663,2662,2662,2662,2662,2662,2787,2788,2663,2662,2662,2662,2662,2662,2787,-1,-1,-1,-1,-1,-1,-1,-1,-1,-1,-1,-1,-1,-1,-1,-1,-1,-1,-1,-1,-1,-1,-1,-1,-1,-1
-1,-1,-1,-1,-1,-1,-1,-1,-1,-1,-1,-1,-1,-1,-1,-1,1751,-1,-1,-1,-1,-1,-1,-1,-1,-1,-1,-1,-1,-1,-1,-1,-1,-1,-1,-1,-1,-1,-1,-1,-1,-1,-1,-1,-1,-1,-1,-1,-1,-1,-1,-1,-1,-1,-1,-1,-1,-1,-1,-1,-1,-1,-1,-1,-1,-1,-1,-1,-1,-1,-1,-1,-1,-1,-1,-1,-1,-1,-1,-1,-1,-1,-1,-1,-1,-1,-1,-1,-1,-1,-1,-1,-1,-1,-1,-1,-1,-1,-1,-1,-1,2663,2663,2663,2663,2662,2662,2662,2662,2662,2787,2663,2662,2662,2662,2662,2662,2787,2787,2663,2662,2662,2662,2662,2662,2787,-1,-1,-1,-1,-1,-1,-1,-1,-1,-1,-1,-1,-1,-1,-1,-1,-1,-1,-1,-1,-1,-1,-1,-1,-1,-1
-1,-1,-1,-1,-1,-1,-1,-1,-1,-1,-1,-1,-1,-1,-1,-1,1751,-1,-1,-1,-1,-1,-1,-1,-1,-1,-1,-1,-1,-1,-1,-1,-1,-1,-1,-1,-1,-1,-1,-1,-1,-1,-1,-1,-1,-1,-1,-1,-1,-1,-1,-1,-1,-1,-1,-1,-1,-1,-1,-1,-1,-1,-1,-1,-1,-1,-1,-1,-1,-1,-1,-1,-1,-1,-1,-1,-1,-1,-1,-1,-1,-1,-1,-1,-1,-1,-1,-1,-1,-1,-1,-1,-1,-1,-1,-1,-1,-1,-1,-1,-1,2663,2663,2663,2663,2662,2662,2662,2662,2662,2787,2662,2662,2662,2662,2662,2787,2788,2663,2663,2662,2662,2662,2662,2662,2787,-1,-1,-1,-1,-1,-1,-1,-1,-1,-1,-1,-1,-1,-1,-1,-1,-1,-1,-1,-1,-1,-1,-1,-1,-1,-1
-1,-1,-1,-1,-1,-1,-1,-1,-1,-1,-1,-1,-1,-1,-1,-1,1751,-1,-1,-1,-1,-1,-1,-1,-1,-1,-1,-1,-1,-1,-1,-1,-1,-1,-1,-1,-1,-1,-1,-1,-1,-1,-1,-1,-1,-1,-1,-1,-1,-1,-1,-1,-1,-1,-1,-1,-1,-1,-1,-1,-1,-1,-1,-1,-1,-1,-1,-1,-1,-1,-1,-1,-1,-1,-1,-1,-1,-1,-1,-1,-1,-1,-1,-1,-1,-1,-1,-1,-1,-1,-1,-1,-1,-1,-1,-1,-1,-1,-1,-1,-1,2663,2663,2663,2663,2662,2662,2662,2662,2662,2787,2787,2662,2662,2662,2787,2788,2787,2787,2787,2787,2787,2787,2787,2787,2787,-1,-1,-1,-1,-1,-1,-1,-1,-1,-1,-1,-1,-1,-1,-1,-1,-1,-1,-1,-1,-1,-1,-1,-1,-1,-1
-1,-1,-1,-1,-1,-1,-1,-1,-1,-1,-1,-1,-1,-1,-1,-1,1751,-1,-1,-1,-1,-1,-1,-1,-1,-1,-1,-1,-1,-1,-1,-1,-1,-1,-1,-1,-1,-1,-1,-1,-1,-1,-1,-1,-1,-1,-1,-1,-1,-1,-1,-1,-1,-1,-1,-1,-1,-1,-1,-1,-1,-1,-1,-1,-1,-1,-1,-1,-1,-1,-1,-1,-1,-1,-1,-1,-1,-1,-1,-1,-1,-1,-1,-1,-1,-1,-1,-1,-1,-1,-1,-1,-1,-1,-1,-1,-1,-1,-1,-1,-1,2663,2663,2663,2663,2662,2662,2662,2662,2662,2787,2788,2662,2662,2787,2787,2787,2787,2788,2788,2788,2788,2788,2788,2788,2788,-1,-1,-1,-1,-1,-1,-1,-1,-1,-1,-1,-1,-1,-1,-1,-1,-1,-1,-1,-1,-1,-1,-1,-1,-1,-1
-1,-1,-1,-1,-1,-1,-1,-1,-1,-1,-1,-1,-1,-1,-1,-1,1751,-1,-1,-1,-1,-1,-1,-1,-1,-1,-1,-1,-1,-1,-1,-1,-1,-1,-1,-1,-1,-1,-1,-1,-1,-1,-1,-1,-1,-1,-1,-1,-1,-1,-1,-1,-1,-1,-1,-1,-1,-1,-1,-1,-1,-1,-1,-1,-1,-1,-1,-1,-1,-1,-1,-1,-1,-1,-1,-1,-1,-1,-1,-1,-1,-1,-1,-1,-1,-1,-1,-1,-1,-1,-1,-1,-1,-1,-1,-1,-1,-1,-1,-1,-1,2663,2663,2663,2663,2662,2662,2662,2662,2662,2787,2787,2662,2787,2787,2788,2787,2788,2787,2787,2787,2787,2787,2787,2787,2787,-1,-1,-1,-1,-1,-1,-1,-1,-1,-1,-1,-1,-1,-1,-1,-1,-1,-1,-1,-1,-1,-1,-1,-1,-1,-1
-1,-1,-1,-1,-1,-1,-1,-1,-1,-1,-1,-1,-1,-1,-1,-1,1751,-1,-1,-1,-1,-1,-1,-1,-1,-1,-1,-1,-1,-1,-1,-1,-1,-1,-1,-1,-1,-1,-1,-1,-1,-1,-1,-1,-1,-1,-1,-1,-1,-1,-1,-1,-1,-1,-1,-1,-1,-1,-1,-1,-1,-1,-1,-1,-1,-1,-1,-1,-1,-1,-1,-1,-1,-1,-1,-1,-1,-1,-1,-1,-1,-1,-1,-1,-1,-1,-1,-1,-1,-1,-1,-1,-1,-1,-1,-1,-1,-1,-1,-1,-1,2663,2663,2663,2663,2662,2662,2662,2663,2663,2663,2663,2663,2663,2662,2662,2662,2662,2662,2787,2787,2787,2787,2787,2787,2787,-1,-1,-1,-1,-1,-1,-1,-1,-1,-1,-1,-1,-1,-1,-1,-1,-1,-1,-1,-1,-1,-1,-1,-1,-1,-1
-1,-1,-1,-1,-1,-1,-1,-1,-1,-1,-1,-1,-1,-1,-1,-1,1876,-1,-1,-1,-1,-1,-1,-1,-1,-1,-1,-1,-1,-1,-1,-1,-1,-1,-1,-1,-1,-1,-1,-1,-1,-1,-1,-1,-1,-1,-1,-1,-1,-1,-1,-1,-1,-1,-1,-1,-1,-1,-1,-1,-1,-1,-1,-1,-1,-1,-1,-1,-1,-1,-1,-1,-1,-1,-1,-1,-1,-1,-1,-1,-1,-1,-1,-1,-1,-1,-1,-1,-1,-1,-1,-1,-1,-1,-1,-1,-1,-1,-1,-1,-1,2662,2663,2663,2663,2663,2663,2663,2662,2662,2663,2663,2663,2663,2662,2662,2662,2662,2662,2787,2787,2787,2787,2787,2787,2787,2787,-1,-1,-1,-1,4378,4378,4378,-1,-1,-1,-1,-1,-1,-1,-1,-1,-1,-1,-1,-1,-1,-1,-1,-1,-1
-1,-1,-1,-1,-1,-1,-1,-1,-1,-1,-1,-1,-1,-1,-1,-1,56,-1,-1,-1,-1,-1,-1,-1,-1,-1,-1,-1,-1,-1,-1,-1,-1,-1,-1,-1,-1,-1,-1,-1,-1,-1,-1,-1,-1,-1,-1,-1,-1,-1,-1,-1,-1,-1,-1,-1,-1,-1,-1,-1,-1,-1,-1,-1,-1,-1,-1,-1,-1,-1,-1,-1,-1,-1,-1,-1,-1,-1,-1,-1,-1,-1,-1,-1,-1,-1,-1,-1,-1,-1,-1,-1,-1,-1,-1,-1,-1,-1,-1,-1,-1,2787,2663,2663,2663,2663,2663,2663,2663,2663,2662,2662,2662,2662,2662,2787,2787,2787,2787,2662,2787,2787,2787,2787,2787,2787,2788,-1,-1,-1,-1,4378,4378,4378,-1,-1,-1,-1,-1,-1,-1,-1,-1,-1,-1,-1,-1,-1,-1,-1,-1,-1
-1,-1,-1,-1,-1,-1,-1,-1,-1,-1,-1,-1,-1,-1,-1,-1,58,-1,-1,-1,-1,-1,-1,-1,-1,-1,-1,-1,-1,-1,-1,-1,-1,-1,-1,-1,-1,-1,-1,-1,-1,-1,-1,-1,-1,-1,-1,-1,-1,-1,-1,-1,-1,-1,-1,-1,-1,-1,-1,-1,-1,-1,-1,-1,-1,-1,-1,-1,-1,-1,-1,-1,-1,-1,-1,-1,-1,-1,-1,-1,-1,-1,-1,-1,-1,-1,-1,-1,-1,-1,-1,-1,-1,-1,-1,-1,-1,-1,-1,-1,-1,-1,2662,2663,2663,2663,2663,2663,2663,2662,2662,2662,2662,2662,2787,2787,2788,2788,2788,2662,2787,2787,2787,2787,2787,2787,2787,2787,2787,-1,-1,4378,4378,-1,-1,-1,-1,-1,-1,-1,-1,-1,-1,-1,-1,-1,-1,-1,-1,-1,-1,-1
-1,-1,-1,-1,-1,-1,-1,-1,-1,-1,-1,-1,-1,-1,-1,-1,0,-1,-1,-1,-1,-1,-1,-1,-1,-1,-1,-1,-1,-1,-1,-1,-1,-1,-1,-1,-1,-1,-1,-1,-1,-1,-1,-1,-1,-1,-1,-1,-1,-1,-1,-1,-1,-1,-1,-1,-1,-1,-1,-1,-1,-1,-1,-1,-1,-1,-1,-1,-1,-1,-1,-1,-1,-1,-1,-1,-1,-1,-1,-1,-1,-1,-1,-1,-1,-1,-1,-1,-1,-1,-1,-1,-1,-1,-1,-1,-1,-1,-1,-1,-1,-1,2787,2662,2663,2663,2663,2663,2662,2662,2662,2662,2662,2787,2787,2788,2787,2787,2787,2787,2787,2787,2787,2787,2787,2787,2787,2788,2788,2662,2662,2662,2662,2787,-1,-1,-1,-1,-1,-1,-1,-1,-1,-1,-1,-1,-1,-1,-1,-1,-1,-1
-1,-1,-1,-1,-1,-1,-1,-1,-1,-1,-1,-1,-1,-1,-1,-1,2005,-1,-1,-1,-1,-1,-1,-1,-1,-1,-1,-1,-1,-1,-1,-1,-1,-1,-1,-1,-1,-1,-1,-1,-1,-1,-1,-1,-1,-1,-1,-1,-1,-1,-1,-1,-1,-1,-1,-1,-1,-1,-1,-1,-1,-1,-1,-1,-1,-1,-1,-1,-1,-1,-1,-1,-1,-1,-1,-1,-1,-1,-1,-1,-1,-1,-1,-1,-1,-1,-1,-1,-1,-1,-1,-1,-1,-1,-1,-1,-1,-1,-1,-1,-1,-1,-1,2787,2663,2663,2663,2663,2662,2662,2662,2662,2662,2787,2788,2787,2787,2787,2787,2788,2787,2787,2787,2787,2787,2787,2787,2787,2787,2787,2787,2787,2787,2787,-1,2006,-1,-1,-1,-1,-1,-1,-1,-1,-1,-1,-1,-1,-1,-1,-1,-1
-1,-1,-1,-1,-1,-1,-1,-1,-1,-1,-1,-1,-1,-1,-1,-1,2130,-1,-1,-1,-1,-1,-1,-1,-1,-1,-1,-1,-1,-1,-1,-1,-1,-1,-1,-1,-1,-1,-1,-1,-1,-1,-1,-1,-1,-1,-1,-1,-1,-1,-1,-1,-1,-1,-1,-1,-1,-1,-1,-1,-1,-1,-1,-1,-1,-1,-1,-1,-1,-1,-1,-1,-1,-1,-1,-1,-1,-1,-1,-1,-1,-1,-1,-1,-1,-1,-1,-1,-1,-1,-1,-1,-1,-1,-1,-1,-1,-1,-1,-1,-1,-1,-1,-1,2663,2663,2663,2663,2662,2662,2662,2662,2662,2787,2787,2787,2787,2787,2787,2787,2662,2787,2787,2787,2787,2787,2787,2787,2787,2788,2788,2788,2788,2788,-1,2131,-1,-1,-1,-1,-1,-1,-1,-1,-1,-1,-1,-1,-1,-1,-1,-1
-1,-1,-1,-1,-1,-1,-1,-1,-1,-1,-1,-1,-1,-1,-1,-1,2005,-1,-1,-1,-1,-1,-1,-1,-1,-1,-1,-1,-1,-1,-1,-1,-1,-1,-1,-1,-1,-1,-1,-1,-1,-1,-1,-1,-1,-1,-1,-1,-1,-1,-1,-1,-1,-1,-1,-1,-1,-1,-1,-1,-1,-1,-1,-1,-1,-1,-1,-1,-1,-1,-1,-1,-1,-1,-1,-1,-1,-1,-1,-1,-1,-1,-1,-1,-1,-1,-1,-1,-1,-1,-1,-1,-1,-1,-1,-1,-1,-1,-1,-1,-1,-1,-1,-1,2663,2663,2663,2663,2662,2662,2662,2662,2662,2787,2787,2787,2787,2787,2787,2787,2787,2787,2787,2787,2787,2787,2787,2663,2663,2663,2663,2662,2662,2662,2662,2006,-1,-1,-1,-1,-1,-1,-1,-1,-1,-1,-1,-1,-1,-1,-1,-1
-1,-1,-1,-1,-1,-1,-1,-1,-1,-1,-1,-1,-1,-1,-1,-1,2130,-1,-1,-1,-1,-1,-1,-1,-1,-1,-1,-1,-1,-1,-1,-1,-1,-1,-1,-1,-1,-1,-1,-1,-1,-1,-1,-1,-1,-1,-1,-1,-1,-1,-1,-1,-1,-1,-1,-1,-1,-1,-1,-1,-1,-1,-1,-1,-1,-1,-1,-1,-1,-1,-1,-1,-1,-1,-1,-1,-1,-1,-1,-1,-1,-1,-1,-1,-1,-1,-1,-1,-1,-1,-1,-1,-1,-1,-1,-1,-1,-1,-1,-1,-1,-1,-1,-1,2663,2663,2663,2663,2662,2662,2662,2662,2662,2787,2787,2787,2787,2663,2663,2663,2663,2663,2663,2663,2663,2663,2663,2663,2663,2662,2662,2662,2662,2662,2787,2131,-1,-1,-1,-1,-1,-1,-1,-1,-1,-1,-1,-1,-1,-1,-1,-1
-1,-1,-1,-1,-1,-1,-1,-1,-1,-1,-1,-1,-1,-1,-1,-1,1626,-1,-1,-1,-1,-1,-1,-1,-1,-1,-1,-1,-1,-1,-1,-1,-1,-1,-1,-1,-1,-1,-1,-1,-1,-1,-1,-1,-1,-1,-1,-1,-1,-1,-1,-1,-1,-1,-1,-1,-1,-1,-1,-1,-1,-1,-1,-1,-1,-1,-1,-1,-1,-1,-1,-1,-1,-1,-1,-1,-1,-1,-1,-1,-1,-1,-1,-1,-1,-1,-1,-1,-1,-1,-1,-1,-1,-1,-1,-1,-1,-1,-1,-1,-1,-1,-1,-1,2663,2663,2663,2663,2663,2663,2663,2663,2663,2663,2663,2663,2663,2662,2662,2662,2662,2662,2662,2662,2662,2662,2662,2662,2662,2787,2787,2787,2787,2787,2788,2788,-1,-1,-1,-1,-1,-1,-1,-1,-1,-1,-1,-1,-1,-1,-1,-1
-1,-1,-1,-1,-1,-1,-1,-1,-1,-1,-1,-1,-1,-1,-1,-1,1751,-1,-1,-1,-1,-1,-1,-1,-1,-1,-1,-1,-1,-1,-1,-1,-1,-1,-1,-1,-1,-1,-1,-1,-1,-1,-1,-1,-1,-1,-1,-1,-1,-1,-1,-1,-1,-1,-1,-1,-1,-1,-1,-1,-1,-1,-1,-1,-1,-1,-1,-1,-1,-1,-1,-1,-1,-1,-1,-1,-1,-1,-1,-1,-1,-1,-1,-1,-1,-1,-1,-1,-1,-1,-1,-1,-1,-1,-1,-1,-1,-1,-1,-1,-1,-1,-1,-1,2662,2662,2662,2662,2662,2662,2662,2662,2662,2662,2662,2663,2663,2787,2787,2787,2787,2787,2787,2787,2787,2787,2787,2787,2787,2787,2787,2787,2787,2787,2787,2787,-1,-1,-1,-1,-1,-1,-1,-1,-1,-1,-1,-1,-1,-1,-1,-1
-1,-1,-1,-1,-1,-1,-1,-1,-1,-1,-1,-1,-1,-1,-1,-1,1751,-1,-1,-1,-1,-1,-1,-1,-1,-1,-1,-1,-1,-1,-1,-1,-1,-1,-1,-1,-1,-1,-1,-1,-1,-1,-1,-1,-1,-1,-1,-1,-1,-1,-1,-1,-1,-1,-1,-1,-1,-1,-1,-1,-1,-1,-1,-1,-1,-1,-1,-1,-1,-1,-1,-1,-1,-1,-1,-1,-1,-1,-1,-1,-1,-1,-1,-1,-1,-1,-1,-1,-1,-1,-1,-1,-1,-1,-1,-1,-1,-1,-1,-1,-1,-1,-1,-1,2787,2787,2787,2787,2787,2787,2787,2787,2787,2787,2787,2663,2663,2663,2787,2787,2787,2787,2787,2787,2787,2787,2787,2787,2787,2787,2787,2787,2787,2787,2787,2787,-1,-1,-1,-1,-1,-1,-1,-1,-1,-1,-1,-1,-1,-1,-1,-1
-1,-1,-1,-1,-1,-1,-1,-1,-1,-1,-1,-1,-1,-1,-1,-1,1751,-1,-1,-1,-1,-1,-1,-1,-1,-1,-1,-1,-1,-1,-1,-1,-1,-1,-1,-1,-1,-1,-1,-1,-1,-1,-1,-1,-1,-1,-1,-1,-1,-1,-1,-1,-1,-1,-1,-1,-1,-1,-1,-1,-1,-1,-1,-1,-1,-1,-1,-1,-1,-1,-1,-1,-1,-1,-1,-1,-1,-1,-1,-1,-1,-1,-1,-1,-1,-1,-1,-1,-1,-1,-1,-1,-1,-1,-1,-1,-1,-1,-1,-1,-1,-1,-1,-1,-1,-1,4160,4160,4160,4160,4160,-1,-1,-1,2663,2663,2663,2663,2663,2787,2787,2787,2787,2787,2787,2787,2787,2787,2787,2787,-1,-1,-1,-1,-1,-1,-1,-1,-1,-1,-1,-1,-1,-1,-1,-1,-1,-1,-1,-1,-1,-1
-1,-1,-1,-1,-1,-1,-1,-1,-1,-1,-1,-1,-1,-1,-1,-1,1751,-1,-1,-1,-1,-1,-1,-1,-1,-1,-1,-1,-1,-1,-1,-1,-1,-1,-1,-1,-1,-1,-1,-1,-1,-1,-1,-1,-1,-1,-1,-1,-1,-1,-1,-1,-1,-1,-1,-1,-1,-1,-1,-1,-1,-1,-1,-1,-1,-1,-1,-1,-1,-1,-1,-1,-1,-1,-1,-1,-1,-1,-1,-1,-1,-1,-1,-1,-1,-1,-1,-1,-1,-1,-1,-1,-1,-1,-1,-1,-1,-1,-1,-1,-1,-1,-1,-1,-1,-1,4160,4160,4160,4160,4160,-1,-1,-1,2662,2662,2662,2662,2662,2787,2787,2787,2787,2787,2787,2787,2787,2787,2787,2787,-1,-1,-1,-1,-1,-1,-1,-1,-1,-1,-1,-1,-1,-1,-1,-1,-1,-1,-1,-1,-1,-1
-1,-1,-1,-1,-1,-1,-1,-1,-1,-1,-1,-1,-1,-1,-1,-1,1751,-1,-1,-1,-1,-1,-1,-1,-1,-1,-1,-1,-1,-1,-1,-1,-1,-1,-1,-1,-1,-1,-1,-1,-1,-1,-1,-1,-1,-1,-1,-1,-1,-1,-1,-1,-1,-1,-1,-1,-1,-1,-1,-1,-1,-1,-1,-1,-1,-1,-1,-1,-1,-1,-1,-1,-1,-1,-1,-1,-1,-1,-1,-1,-1,-1,-1,-1,-1,-1,-1,-1,-1,-1,-1,-1,-1,-1,-1,-1,-1,-1,-1,-1,-1,-1,-1,-1,-1,-1,-1,4160,4160,4160,4160,-1,-1,-1,2787,2787,2787,2787,2787,2787,2787,2787,2787,2787,2787,2787,2787,2787,2787,-1,-1,-1,-1,-1,-1,-1,-1,-1,-1,-1,-1,-1,-1,-1,-1,-1,-1,-1,-1,-1,-1,-1
-1,-1,-1,-1,-1,-1,-1,-1,-1,-1,-1,-1,-1,-1,-1,-1,1751,-1,-1,-1,-1,-1,-1,-1,-1,-1,-1,-1,-1,-1,-1,-1,-1,-1,-1,-1,-1,-1,-1,-1,-1,-1,-1,-1,-1,-1,-1,-1,-1,-1,-1,-1,-1,-1,-1,-1,-1,-1,-1,-1,-1,2663,2663,2663,2663,2662,2662,2662,2662,2662,2787,-1,-1,-1,-1,-1,-1,-1,-1,-1,-1,-1,-1,-1,-1,-1,-1,-1,-1,2663,2663,2663,2663,2662,2662,2662,2662,2662,2787,-1,-1,-1,-1,-1,-1,-1,-1,-1,-1,-1,-1,-1,-1,-1,-1,-1,-1,-1,-1,-1,-1,-1,-1,-1,-1,-1,-1,-1,-1,-1,-1,-1,-1,-1,-1,1380,-1,-1,-1,-1,-1,-1,-1,-1,-1,-1,-1,-1,-1,-1,-1,-1
-1,-1,-1,-1,-1,-1,-1,-1,-1,-1,-1,-1,-1,-1,-1,-1,1751,-1,-1,-1,-1,-1,-1,-1,-1,-1,-1,-1,-1,-1,-1,-1,-1,-1,-1,-1,-1,-1,-1,-1,-1,-1,-1,-1,-1,-1,-1,-1,-1,-1,-1,-1,-1,-1,-1,-1,-1,-1,-1,-1,-1,2662,2662,2662,2662,2787,2787,2787,2787,2787,2788,-1,-1,-1,-1,-1,-1,-1,-1,-1,-1,-1,-1,-1,-1,-1,-1,-1,-1,2662,2662,2662,2662,2787,2787,2787,2787,2787,2788,-1,-1,-1,-1,-1,-1,-1,-1,-1,2259,2260,-1,-1,-1,-1,-1,-1,-1,1500,-1,-1,-1,-1,-1,-1,-1,-1,-1,-1,-1,-1,-1,-1,-1,-1,-1,1505,-1,-1,-1,-1,-1,-1,-1,-1,-1,-1,-1,-1,-1,-1,-1,-1
-1,-1,-1,-1,-1,-1,-1,-1,-1,-1,-1,-1,-1,-1,-1,-1,1751,-1,-1,-1,-1,-1,-1,-1,-1,-1,-1,-1,-1,-1,-1,-1,-1,-1,-1,-1,-1,-1,-1,-1,-1,-1,-1,-1,-1,-1,-1,-1,-1,-1,-1,-1,-1,-1,-1,-1,-1,-1,-1,-1,-1,2787,2787,2787,2787,2787,2787,2787,2787,2787,2787,-1,-1,-1,-1,-1,-1,-1,-1,-1,-1,-1,-1,-1,-1,-1,-1,-1,-1,2787,2787,2787,2787,2787,2787,2787,2787,2787,2787,6381,-1,-1,-1,-1,-1,-1,-1,-1,2384,2385,-1,-1,1625,-1,-1,-1,-1,-1,-1,-1,-1,1625,-1,-1,-1,1501,-1,-1,-1,-1,1500,-1,-1,-1,1625,1630,-1,-1,-1,-1,-1,-1,-1,-1,-1,-1,-1,-1,-1,-1,-1,-1
-1,-1,-1,-1,-1,-1,-1,-1,-1,-1,-1,-1,-1,-1,-1,-1,1751,-1,-1,-1,-1,-1,-1,-1,-1,-1,-1,-1,-1,-1,-1,-1,-1,-1,-1,-1,-1,-1,-1,-1,-1,-1,-1,-1,-1,-1,-1,-1,-1,-1,-1,-1,-1,-1,-1,-1,-1,-1,-1,-1,-1,-1,-1,-1,-1,-1,-1,-1,-1,-1,-1,-1,-1,-1,-1,-1,-1,-1,-1,-1,-1,-1,-1,-1,-1,-1,-1,-1,-1,-1,-1,-1,-1,-1,-1,-1,-1,-1,-1,-1,-1,-1,-1,-1,-1,2504,2504,2504,2504,2504,2504,2504,2504,2504,2504,2504,2504,2504,2504,2504,2504,2504,2504,2504,2504,2504,2504,2504,2504,2504,2504,2504,2504,2504,2504,2504,-1,-1,-1,-1,-1,-1,-1,-1,-1,-1,-1,-1,-1,-1,-1,-1
-1,-1,-1,-1,-1,-1,-1,-1,-1,-1,-1,-1,-1,-1,-1,-1,1751,-1,-1,-1,-1,-1,-1,-1,-1,-1,-1,-1,-1,-1,-1,-1,-1,-1,-1,-1,-1,-1,-1,-1,-1,-1,-1,-1,-1,-1,-1,-1,-1,-1,-1,-1,-1,-1,-1,-1,-1,-1,-1,-1,-1,-1,-1,-1,-1,-1,-1,-1,-1,-1,-1,-1,-1,-1,-1,-1,-1,-1,-1,-1,-1,-1,-1,-1,-1,-1,-1,-1,-1,-1,-1,-1,-1,-1,-1,-1,-1,-1,-1,-1,-1,-1,-1,-1,-1,878,878,878,878,878,878,878,878,878,878,878,878,878,878,878,878,878,878,878,878,878,878,878,878,878,878,878,878,878,878,878,-1,-1,-1,-1,-1,-1,-1,-1,-1,-1,-1,-1,-1,-1,-1,-1
-1,-1,-1,-1,-1,-1,-1,-1,-1,-1,-1,-1,-1,-1,-1,-1,1751,-1,-1,-1,-1,-1,-1,-1,-1,-1,-1,-1,-1,-1,-1,-1,-1,-1,-1,-1,-1,-1,-1,-1,-1,-1,-1,-1,-1,-1,-1,-1,-1,-1,-1,-1,-1,-1,-1,-1,-1,-1,-1,-1,-1,-1,-1,-1,-1,-1,-1,-1,-1,-1,-1,-1,-1,-1,-1,-1,-1,-1,-1,-1,-1,-1,-1,-1,-1,-1,-1,-1,-1,-1,-1,-1,-1,-1,-1,-1,-1,-1,-1,-1,-1,-1,-1,-1,-1,878,878,878,878,878,878,878,878,878,878,878,878,878,878,878,878,-1,878,878,878,878,878,878,878,878,878,878,878,878,878,878,-1,-1,-1,-1,-1,-1,-1,-1,-1,-1,-1,-1,-1,-1,-1,-1
-1,-1,-1,-1,-1,-1,-1,-1,-1,-1,-1,-1,-1,-1,-1,-1,1876,1877,1877,1877,1877,1877,1877,1877,1877,1877,1877,1877,1877,1877,1877,1878,-1,-1,-1,1876,1877,1877,1877,1877,1877,1877,1877,1877,1877,1878,-1,-1,-1,-1,-1,-1,-1,-1,-1,-1,-1,-1,5267,5268,5269,5270,-1,-1,-1,-1,-1,-1,-1,-1,-1,-1,-1,-1,-1,-1,-1,-1,-1,-1,-1,-1,-1,-1,-1,-1,-1,-1,-1,-1,-1,-1,-1,-1,-1,-1,-1,-1,-1,-1,-1,-1,-1,-1,-1,878,878,878,878,878,878,878,878,878,878,878,878,878,878,878,878,878,878,878,878,878,878,878,878,878,878,878,878,878,878,878,-1,-1,-1,-1,-1,-1,-1,-1,-1,-1,-1,-1,-1,-1,-1,-1
-1,-1,-1,-1,-1,-1,-1,-1,-1,-1,-1,-1,-1,-1,-1,-1,-1,-1,-1,-1,-1,-1,-1,-1,-1,-1,-1,-1,-1,-1,-1,-1,-1,-1,-1,-1,-1,-1,-1,-1,-1,-1,-1,-1,-1,-1,-1,-1,-1,-1,-1,-1,-1,-1,-1,-1,-1,-1,-1,-1,-1,-1,-1,-1,-1,-1,-1,-1,-1,-1,-1,-1,-1,-1,-1,-1,-1,-1,-1,-1,-1,-1,-1,-1,-1,-1,-1,-1,-1,-1,-1,-1,-1,-1,-1,-1,-1,-1,-1,-1,-1,-1,-1,-1,-1,-1,-1,-1,-1,-1,-1,-1,-1,-1,-1,-1,-1,-1,-1,-1,-1,-1,-1,-1,-1,-1,-1,-1,-1,-1,-1,-1,-1,-1,-1,-1,-1,-1,-1,-1,-1,-1,-1,-1,-1,-1,-1,-1,-1,-1,-1,-1
-1,-1,-1,-1,-1,-1,-1,-1,-1,-1,-1,-1,-1,-1,-1,-1,-1,-1,-1,-1,-1,-1,-1,-1,-1,-1,-1,-1,-1,-1,-1,-1,-1,-1,-1,-1,-1,-1,-1,-1,-1,-1,-1,-1,-1,-1,-1,-1,-1,-1,-1,-1,-1,-1,-1,-1,-1,-1,-1,-1,-1,-1,-1,-1,-1,-1,-1,-1,-1,-1,-1,-1,-1,-1,-1,-1,-1,-1,-1,-1,-1,-1,-1,-1,-1,-1,-1,-1,-1,-1,-1,-1,-1,-1,-1,-1,-1,-1,-1,-1,-1,-1,-1,-1,-1,-1,-1,-1,-1,-1,-1,-1,-1,-1,-1,-1,-1,-1,-1,-1,-1,-1,-1,-1,-1,-1,-1,-1,-1,-1,-1,-1,-1,-1,-1,-1,-1,-1,-1,-1,-1,-1,-1,-1,-1,-1,-1,-1,-1,-1,-1,-1
-1,-1,-1,-1,-1,-1,-1,-1,-1,-1,-1,-1,-1,-1,-1,-1,-1,-1,-1,-1,-1,-1,-1,-1,-1,-1,-1,-1,-1,-1,-1,-1,-1,-1,-1,-1,-1,-1,-1,-1,-1,-1,-1,-1,-1,-1,-1,-1,-1,-1,-1,-1,-1,-1,-1,-1,-1,-1,-1,-1,-1,-1,-1,-1,-1,-1,-1,-1,-1,-1,-1,-1,-1,-1,-1,-1,-1,-1,-1,-1,-1,-1,-1,-1,-1,-1,-1,-1,-1,-1,-1,-1,-1,-1,-1,-1,-1,-1,-1,-1,-1,-1,-1,-1,-1,-1,-1,-1,-1,-1,-1,-1,-1,-1,-1,-1,-1,-1,-1,-1,-1,-1,-1,-1,-1,-1,-1,-1,-1,-1,-1,-1,-1,-1,-1,-1,-1,-1,-1,-1,-1,-1,-1,-1,-1,-1,-1,-1,-1,-1,-1,-1
-1,-1,-1,-1,-1,-1,-1,-1,-1,-1,-1,-1,-1,-1,-1,-1,-1,-1,-1,-1,-1,-1,-1,-1,-1,-1,-1,-1,-1,-1,-1,-1,-1,-1,-1,-1,-1,-1,-1,-1,-1,-1,-1,-1,-1,-1,-1,-1,-1,-1,-1,-1,-1,-1,-1,-1,-1,-1,-1,-1,-1,-1,-1,-1,-1,-1,-1,-1,-1,-1,-1,-1,-1,-1,-1,-1,-1,-1,-1,-1,-1,-1,-1,-1,-1,-1,-1,-1,-1,-1,-1,-1,-1,-1,-1,-1,-1,-1,-1,-1,-1,-1,-1,-1,-1,-1,-1,-1,-1,-1,-1,-1,-1,-1,-1,-1,-1,-1,-1,-1,-1,-1,-1,-1,-1,-1,-1,-1,-1,-1,-1,-1,-1,-1,-1,-1,-1,-1,-1,-1,-1,-1,-1,-1,-1,-1,-1,-1,-1,-1,-1,-1
-1,-1,-1,-1,-1,-1,-1,-1,-1,-1,-1,-1,-1,-1,-1,-1,-1,-1,-1,-1,-1,-1,-1,-1,-1,-1,-1,-1,-1,-1,-1,-1,-1,-1,-1,-1,-1,-1,-1,-1,-1,-1,-1,-1,-1,-1,-1,-1,-1,-1,-1,-1,-1,-1,-1,-1,-1,-1,-1,-1,-1,-1,-1,-1,-1,-1,-1,-1,-1,-1,-1,-1,-1,-1,-1,-1,-1,-1,-1,-1,-1,-1,-1,-1,-1,-1,-1,-1,-1,-1,-1,-1,-1,-1,-1,-1,-1,-1,-1,-1,-1,-1,-1,-1,-1,-1,-1,-1,-1,-1,-1,-1,-1,-1,-1,-1,-1,-1,-1,-1,-1,-1,-1,-1,-1,-1,-1,-1,-1,-1,-1,-1,-1,-1,-1,-1,-1,-1,-1,-1,-1,-1,-1,-1,-1,-1,-1,-1,-1,-1,-1,-1
-1,-1,-1,-1,-1,-1,-1,-1,-1,-1,-1,-1,-1,-1,-1,-1,-1,-1,-1,-1,-1,-1,-1,-1,-1,-1,-1,-1,-1,-1,-1,-1,-1,-1,-1,-1,-1,-1,-1,-1,-1,-1,-1,-1,-1,-1,-1,-1,-1,-1,-1,-1,-1,-1,-1,-1,-1,-1,-1,-1,-1,-1,-1,-1,-1,-1,-1,-1,-1,-1,-1,-1,-1,-1,-1,-1,-1,-1,-1,-1,-1,-1,-1,-1,-1,-1,-1,-1,-1,-1,-1,-1,-1,-1,-1,-1,-1,-1,-1,-1,-1,-1,-1,-1,-1,-1,-1,-1,-1,-1,-1,-1,-1,-1,-1,-1,-1,-1,-1,-1,-1,-1,-1,-1,-1,-1,-1,-1,-1,-1,-1,-1,-1,-1,-1,-1,-1,-1,-1,-1,-1,-1,-1,-1,-1,-1,-1,-1,-1,-1,-1,-1
-1,-1,-1,-1,-1,-1,-1,-1,-1,-1,-1,-1,-1,-1,-1,-1,-1,-1,-1,-1,-1,-1,-1,-1,-1,-1,-1,-1,-1,-1,-1,-1,-1,-1,-1,-1,-1,-1,-1,-1,-1,-1,-1,-1,-1,-1,-1,-1,-1,-1,-1,-1,-1,-1,-1,-1,-1,-1,-1,-1,-1,-1,-1,-1,-1,-1,-1,-1,-1,-1,-1,-1,-1,-1,-1,-1,-1,-1,-1,-1,-1,-1,-1,-1,-1,-1,-1,-1,-1,-1,-1,-1,-1,-1,-1,-1,-1,-1,-1,-1,-1,-1,-1,-1,-1,-1,-1,-1,-1,-1,-1,-1,-1,-1,-1,-1,-1,-1,-1,-1,-1,-1,-1,-1,-1,-1,-1,-1,-1,-1,-1,-1,-1,-1,-1,-1,-1,-1,-1,-1,-1,-1,-1,-1,-1,-1,-1,-1,-1,-1,-1,-1
-1,-1,-1,-1,-1,-1,-1,-1,-1,-1,-1,-1,-1,-1,-1,-1,-1,-1,-1,-1,-1,-1,-1,-1,-1,-1,-1,-1,-1,-1,-1,-1,-1,-1,-1,-1,-1,-1,-1,-1,-1,-1,-1,-1,-1,-1,-1,-1,-1,-1,-1,-1,-1,-1,-1,-1,-1,-1,-1,-1,-1,-1,-1,-1,-1,-1,-1,-1,-1,-1,-1,-1,-1,-1,-1,-1,-1,-1,-1,-1,-1,-1,-1,-1,-1,-1,-1,-1,-1,-1,-1,-1,-1,-1,-1,-1,-1,-1,-1,-1,-1,-1,-1,-1,-1,-1,-1,-1,-1,-1,-1,-1,-1,-1,-1,-1,-1,-1,-1,-1,-1,-1,-1,-1,-1,-1,-1,-1,-1,-1,-1,-1,-1,-1,-1,-1,-1,-1,-1,-1,-1,-1,-1,-1,-1,-1,-1,-1,-1,-1,-1,-1
-1,-1,-1,-1,-1,-1,-1,-1,-1,-1,-1,-1,-1,-1,-1,-1,-1,-1,-1,-1,-1,-1,-1,-1,-1,-1,-1,-1,-1,-1,-1,-1,-1,-1,-1,-1,-1,-1,-1,-1,-1,-1,-1,-1,-1,-1,-1,-1,-1,-1,-1,-1,-1,-1,-1,-1,-1,-1,-1,-1,-1,-1,-1,-1,-1,-1,-1,-1,-1,-1,-1,-1,-1,-1,-1,-1,-1,-1,-1,-1,-1,-1,-1,-1,-1,-1,-1,-1,-1,-1,-1,-1,-1,-1,-1,-1,-1,-1,-1,-1,-1,-1,-1,-1,-1,-1,-1,-1,-1,-1,-1,-1,-1,-1,-1,-1,-1,-1,-1,-1,-1,-1,-1,-1,-1,-1,-1,-1,-1,-1,-1,-1,-1,-1,-1,-1,-1,-1,-1,-1,-1,-1,-1,-1,-1,-1,-1,-1,-1,-1,-1,-1
-1,-1,-1,-1,-1,-1,-1,-1,-1,-1,-1,-1,-1,-1,-1,-1,-1,-1,-1,-1,-1,-1,-1,-1,-1,-1,-1,-1,-1,-1,-1,-1,-1,-1,-1,-1,-1,-1,-1,-1,-1,-1,-1,-1,-1,-1,-1,-1,-1,-1,-1,-1,-1,-1,-1,-1,-1,-1,-1,-1,-1,-1,-1,-1,-1,-1,-1,-1,-1,-1,-1,-1,-1,-1,-1,-1,-1,-1,-1,-1,-1,-1,-1,-1,-1,-1,-1,-1,-1,-1,-1,-1,-1,-1,-1,-1,-1,-1,-1,-1,-1,-1,-1,-1,-1,-1,-1,-1,-1,-1,-1,-1,-1,-1,-1,-1,-1,-1,-1,-1,-1,-1,-1,-1,-1,-1,-1,-1,-1,-1,-1,-1,-1,-1,-1,-1,-1,-1,-1,-1,-1,-1,-1,-1,-1,-1,-1,-1,-1,-1,-1,-1
-1,-1,-1,-1,-1,-1,-1,-1,-1,-1,-1,-1,-1,-1,-1,-1,-1,-1,-1,-1,-1,-1,-1,-1,-1,-1,-1,-1,-1,-1,-1,-1,-1,-1,-1,-1,-1,-1,-1,-1,-1,-1,-1,-1,-1,-1,-1,-1,-1,-1,-1,-1,-1,-1,-1,-1,-1,-1,-1,-1,-1,-1,-1,-1,-1,-1,-1,-1,-1,-1,-1,-1,-1,-1,-1,-1,-1,-1,-1,-1,-1,-1,-1,-1,-1,-1,-1,-1,-1,-1,-1,-1,-1,-1,-1,-1,-1,-1,-1,-1,-1,-1,-1,-1,-1,-1,-1,-1,-1,-1,-1,-1,-1,-1,-1,-1,-1,-1,-1,-1,-1,-1,-1,-1,-1,-1,-1,-1,-1,-1,-1,-1,-1,-1,-1,-1,-1,-1,-1,-1,-1,-1,-1,-1,-1,-1,-1,-1,-1,-1,-1,-1
-1,-1,-1,-1,-1,-1,-1,-1,-1,-1,-1,-1,-1,-1,-1,-1,-1,-1,-1,-1,-1,-1,-1,-1,-1,-1,-1,-1,-1,-1,-1,-1,-1,-1,-1,-1,-1,-1,-1,-1,-1,-1,-1,-1,-1,-1,-1,-1,-1,-1,-1,-1,-1,-1,-1,-1,-1,-1,-1,-1,-1,-1,-1,-1,-1,-1,-1,-1,-1,-1,-1,-1,-1,-1,-1,-1,-1,-1,-1,-1,-1,-1,-1,-1,-1,-1,-1,-1,-1,-1,-1,-1,-1,-1,-1,-1,-1,-1,-1,-1,-1,-1,-1,-1,-1,-1,-1,-1,-1,-1,-1,-1,-1,-1,-1,-1,-1,-1,-1,-1,-1,-1,-1,-1,-1,-1,-1,-1,-1,-1,-1,-1,-1,-1,-1,-1,-1,-1,-1,-1,-1,-1,-1,-1,-1,-1,-1,-1,-1,-1,-1,-1
-1,-1,-1,-1,-1,-1,-1,-1,-1,-1,-1,-1,-1,-1,-1,-1,-1,-1,-1,-1,-1,-1,-1,-1,-1,-1,-1,-1,-1,-1,-1,-1,-1,-1,-1,-1,-1,-1,-1,-1,-1,-1,-1,-1,-1,-1,-1,-1,-1,-1,-1,-1,-1,-1,-1,-1,-1,-1,-1,-1,-1,-1,-1,-1,-1,-1,-1,-1,-1,-1,-1,-1,-1,-1,-1,-1,-1,-1,-1,-1,-1,-1,-1,-1,-1,-1,-1,-1,-1,-1,-1,-1,-1,-1,-1,-1,-1,-1,-1,-1,-1,-1,-1,-1,-1,-1,-1,-1,-1,-1,-1,-1,-1,-1,-1,-1,-1,-1,-1,-1,-1,-1,-1,-1,-1,-1,-1,-1,-1,-1,-1,-1,-1,-1,-1,-1,-1,-1,-1,-1,-1,-1,-1,-1,-1,-1,-1,-1,-1,-1,-1,-1
-1,-1,-1,-1,-1,-1,-1,-1,-1,-1,-1,-1,-1,-1,-1,-1,-1,-1,-1,-1,-1,-1,-1,-1,-1,-1,-1,-1,-1,-1,-1,-1,-1,-1,-1,-1,-1,-1,-1,-1,-1,-1,-1,-1,-1,-1,-1,-1,-1,-1,-1,-1,-1,-1,-1,-1,-1,-1,-1,-1,-1,-1,-1,-1,-1,-1,-1,-1,-1,-1,-1,-1,-1,-1,-1,-1,-1,-1,-1,-1,-1,-1,-1,-1,-1,-1,-1,-1,-1,-1,-1,-1,-1,-1,-1,-1,-1,-1,-1,-1,-1,-1,-1,-1,-1,-1,-1,-1,-1,-1,-1,-1,-1,-1,-1,-1,-1,-1,-1,-1,-1,-1,-1,-1,-1,-1,-1,-1,-1,-1,-1,-1,-1,-1,-1,-1,-1,-1,-1,-1,-1,-1,-1,-1,-1,-1,-1,-1,-1,-1,-1,-1
-1,-1,-1,-1,-1,-1,-1,-1,-1,-1,-1,-1,-1,-1,-1,-1,-1,-1,-1,-1,-1,-1,-1,-1,-1,-1,-1,-1,-1,-1,-1,-1,-1,-1,-1,-1,-1,-1,-1,-1,-1,-1,-1,-1,-1,-1,-1,-1,-1,-1,-1,-1,-1,-1,-1,-1,-1,-1,-1,-1,-1,-1,-1,-1,-1,-1,-1,-1,-1,-1,-1,-1,-1,-1,-1,-1,-1,-1,-1,-1,-1,-1,-1,-1,-1,-1,-1,-1,-1,-1,-1,-1,-1,-1,-1,-1,-1,-1,-1,-1,-1,-1,-1,-1,-1,-1,-1,-1,-1,-1,-1,-1,-1,-1,-1,-1,-1,-1,-1,-1,-1,-1,-1,-1,-1,-1,-1,-1,-1,-1,-1,-1,-1,-1,-1,-1,-1,-1,-1,-1,-1,-1,-1,-1,-1,-1,-1,-1,-1,-1,-1,-1
-1,-1,-1,-1,-1,-1,-1,-1,-1,-1,-1,-1,-1,-1,-1,-1,-1,-1,-1,-1,-1,-1,-1,-1,-1,-1,-1,-1,-1,-1,-1,-1,-1,-1,-1,-1,-1,-1,-1,-1,-1,-1,-1,-1,-1,-1,-1,-1,-1,-1,-1,-1,-1,-1,-1,-1,-1,-1,-1,-1,-1,-1,-1,-1,-1,-1,-1,-1,-1,-1,-1,-1,-1,-1,-1,-1,-1,-1,-1,-1,-1,-1,-1,-1,-1,-1,-1,-1,-1,-1,-1,-1,-1,-1,-1,-1,-1,-1,-1,-1,-1,-1,-1,-1,-1,-1,-1,-1,-1,-1,-1,-1,-1,-1,-1,-1,-1,-1,-1,-1,-1,-1,-1,-1,-1,-1,-1,-1,-1,-1,-1,-1,-1,-1,-1,-1,-1,-1,-1,-1,-1,-1,-1,-1,-1,-1,-1,-1,-1,-1,-1,-1