0,0,0,0,0,0,0,0,0,0,0,0,0,0,0,0,0,0,0,0,0,0,0,0,0,0,0,0,0,0,0,0,0,0,0,0,0,0,0,0,0,0,0,0,0,0,0,0,0,0,0,0,0,0,0,0,0,0,0,0,0,0,0,0,0,0,0,0,0,0,0,0,0,0,0,0,0,0,0,0,0,0,0,0,0,0,0,0,0,0,0,0,0,0,0,0,0,0,0,0,0,0,0,0,0,0,0,0,0,0,0,0,0,0,0,0,0,0,0,0,0,0,0,0,0,0,0,0,0,0,0,0,0,0,0,0,0,0,0,0,0,0,0,0,0,0,0,0,0,0,0,0
0,0,0,0,0,0,0,0,0,0,0,0,0,0,0,0,0,0,0,0,0,0,0,0,0,0,0,0,0,0,0,0,0,0,0,0,0,0,0,0,0,0,0,0,0,0,0,0,0,0,0,0,0,0,0,0,0,0,0,0,0,0,0,0,0,0,0,0,0,0,0,0,0,0,0,0,0,0,0,0,0,0,0,0,0,0,0,0,0,0,0,0,0,0,0,0,0,0,0,0,0,0,0,0,0,0,0,0,0,0,0,0,0,0,0,0,0,0,0,0,0,0,0,0,0,0,0,0,0,0,0,0,0,0,0,0,0,0,0,0,0,0,0,0,0,0,0,0,0,0,0,0
0,0,0,0,0,0,0,0,0,0,0,0,0,0,0,0,0,0,0,0,0,0,0,0,0,0,0,0,0,0,0,0,0,0,0,0,0,0,0,0,0,0,0,0,0,0,0,0,0,0,0,0,0,0,0,0,0,0,0,0,0,0,0,0,0,0,0,0,0,0,0,0,0,0,0,0,0,0,0,0,0,0,0,0,0,0,0,0,0,0,0,0,0,0,0,0,0,0,0,0,0,0,0,0,0,0,0,0,0,0,0,0,0,0,0,0,0,0,0,0,0,0,0,0,0,0,0,0,0,0,0,0,0,0,0,0,0,0,0,0,0,0,0,0,0,0,0,0,0,0,0,0
0,0,0,0,0,0,0,0,0,0,0,0,0,0,0,0,0,0,0,0,0,0,0,0,0,0,0,0,0,0,0,0,0,0,0,0,0,0,0,0,0,0,0,0,0,0,0,0,0,0,0,0,0,0,0,0,0,0,0,0,0,0,0,0,0,0,0,0,0,0,0,0,0,0,0,0,0,0,0,0,0,0,0,0,0,0,0,0,0,0,0,0,0,0,0,0,0,0,0,0,0,0,0,0,0,0,0,0,0,0,0,0,0,0,0,0,0,0,0,0,0,0,0,0,0,0,0,0,0,0,0,0,0,0,0,0,0,0,0,0,0,0,0,0,0,0,0,0,0,0,0,0
0,0,0,0,0,0,0,0,0,0,0,0,0,0,0,0,0,0,0,0,0,0,0,0,0,0,0,0,0,0,0,0,0,0,0,0,0,0,0,0,0,0,0,0,0,0,0,0,0,0,0,0,0,0,0,0,0,0,0,0,0,0,0,0,0,0,0,0,0,0,0,0,0,0,0,0,0,0,0,0,0,0,0,0,0,0,0,0,0,0,0,0,0,0,0,0,0,0,0,0,0,0,0,0,0,0,0,0,0,0,0,0,0,0,0,0,0,0,0,0,0,0,0,0,0,0,0,0,0,0,0,0,0,0,0,0,0,0,0,0,0,0,0,0,0,0,0,0,0,0,0,0
0,0,0,0,0,0,0,0,0,0,0,0,0,0,0,0,0,0,0,0,0,0,0,0,0,0,0,0,0,0,0,0,0,0,0,0,0,0,0,0,0,0,0,0,0,0,0,0,0,0,0,0,0,0,0,0,0,0,0,0,0,0,0,0,0,0,0,0,0,0,0,0,0,0,0,0,0,0,0,0,0,0,0,0,0,0,0,0,0,0,0,0,0,0,0,0,0,0,0,0,0,0,0,0,0,0,0,0,0,0,0,0,0,0,0,0,0,0,0,0,0,0,0,0,0,0,0,0,0,0,0,0,0,0,0,0,0,0,0,0,0,0,0,0,0,0,0,0,0,0,0,0
0,0,0,0,0,0,0,0,0,0,0,0,0,0,0,0,0,0,0,0,0,0,0,0,0,0,0,0,0,0,0,0,0,0,0,0,0,0,0,0,0,0,0,0,0,0,0,0,0,0,0,0,0,0,0,0,0,0,0,0,0,0,0,0,0,0,0,0,0,0,0,0,0,0,0,0,0,0,0,0,0,0,0,0,0,0,0,0,0,0,0,0,0,0,0,0,0,0,0,0,0,0,0,0,0,0,0,0,0,0,0,0,0,0,0,0,0,0,0,0,0,0,0,0,0,0,0,0,0,0,0,0,0,0,0,0,0,0,0,0,0,0,0,0,0,0,0,0,0,0,0,0
0,0,0,0,0,0,0,0,0,0,0,0,0,0,0,0,0,0,0,0,0,0,0,0,0,0,0,0,0,0,0,0,0,0,0,0,0,0,0,0,0,0,0,0,0,0,0,0,0,0,0,0,0,0,0,0,0,0,0,0,0,0,0,0,0,0,0,0,0,0,0,0,0,0,0,0,0,0,0,0,0,0,0,0,0,0,0,0,0,0,0,0,0,0,0,0,0,0,0,0,0,0,0,0,0,0,0,0,0,0,0,0,0,0,0,0,0,0,0,0,0,0,0,0,0,0,0,0,0,0,0,0,0,0,0,0,0,0,0,0,0,0,0,0,0,0,0,0,0,0,0,0
0,0,0,0,0,0,0,0,0,0,0,0,0,0,0,0,0,0,0,0,0,0,0,0,0,0,0,0,0,0,0,0,0,0,0,0,0,0,0,0,0,0,0,0,0,0,0,0,0,0,0,0,0,0,0,0,0,0,0,0,0,0,0,0,0,0,0,0,0,0,0,0,0,0,0,0,0,0,0,0,0,0,0,0,0,0,0,0,0,0,0,0,0,0,0,0,0,0,0,0,0,0,0,0,0,0,0,0,0,0,0,0,0,0,0,0,0,0,0,0,0,0,0,0,0,0,0,0,0,0,0,0,0,0,0,0,0,0,0,0,0,0,0,0,0,0,0,0,0,0,0,0
0,0,0,0,0,0,0,0,0,0,0,0,0,0,0,0,0,0,0,0,0,0,0,0,0,0,0,0,0,0,0,0,0,0,0,0,0,0,0,0,0,0,0,0,0,0,0,0,0,0,0,0,0,0,0,0,0,0,0,0,0,0,0,0,0,0,0,0,0,0,0,0,0,0,0,0,0,0,0,0,0,0,0,0,0,0,0,0,0,0,0,0,0,0,0,0,0,0,0,0,0,0,0,0,0,0,0,0,0,0,0,0,0,0,0,0,0,0,0,0,0,0,0,0,0,0,0,0,0,0,0,0,0,0,0,0,0,0,0,0,0,0,0,0,0,0,0,0,0,0,0,0
0,0,0,0,0,0,0,0,0,0,0,0,0,0,0,0,0,0,0,0,0,0,0,0,0,0,0,0,0,0,0,0,0,0,0,0,0,0,0,0,0,0,0,0,0,0,0,0,0,0,0,0,0,0,0,0,0,0,0,0,0,0,0,0,0,0,0,0,0,0,0,0,0,0,0,0,0,0,0,0,0,0,0,0,0,0,0,0,0,0,0,0,0,0,0,0,0,0,0,0,0,0,0,0,0,0,0,0,0,0,0,0,0,0,0,0,0,0,0,0,0,0,0,0,0,0,0,0,0,0,0,0,0,0,0,0,0,0,0,0,0,0,0,0,0,0,0,0,0,0,0,0
0,0,0,0,0,0,0,0,0,0,0,0,0,0,0,0,0,0,0,0,0,0,0,0,0,0,0,0,0,0,0,0,0,0,0,0,0,0,0,0,0,0,0,0,0,0,0,0,0,0,0,0,0,0,0,0,0,0,0,0,0,0,0,0,0,0,0,0,0,0,0,0,0,0,0,0,0,0,0,0,0,0,0,0,0,0,0,0,0,0,0,0,0,0,0,0,0,0,0,0,0,0,0,0,0,0,0,0,0,0,0,0,0,0,0,0,0,0,0,0,0,0,0,0,0,0,0,0,0,0,0,0,0,0,0,0,0,0,0,0,0,0,0,0,0,0,0,0,0,0,0,0
0,0,0,0,0,0,0,0,0,0,0,0,0,0,0,0,0,0,0,0,0,0,0,0,0,0,0,0,0,0,0,0,0,0,0,0,0,0,0,0,0,0,0,0,0,0,0,0,0,0,0,0,0,0,0,0,0,0,0,0,0,0,0,0,0,0,0,0,0,0,0,0,0,0,0,0,0,0,0,0,0,0,0,0,0,0,0,0,0,0,0,0,0,0,0,0,0,0,0,0,0,0,0,0,0,0,0,0,0,0,0,0,0,0,0,0,0,0,0,0,0,0,0,0,0,0,0,0,0,0,0,0,0,0,0,0,0,0,0,0,0,0,0,0,0,0,0,0,0,0,0,0
0,0,0,0,0,0,0,0,0,0,0,0,0,0,0,0,0,0,0,0,0,0,0,0,0,0,0,0,0,0,0,0,0,0,0,0,0,0,0,0,0,0,0,0,0,0,0,0,0,0,0,0,0,0,0,0,0,0,0,0,0,0,0,0,0,0,0,0,0,0,0,0,0,0,0,0,0,0,0,0,0,0,0,0,0,0,0,0,0,0,0,0,0,0,0,0,0,0,0,0,0,0,0,0,0,0,0,0,0,0,0,0,0,0,0,0,0,0,0,0,0,0,0,0,0,0,0,0,0,0,0,0,0,0,0,0,0,0,0,0,0,0,0,0,0,0,0,0,0,0,0,0
0,0,0,0,0,0,0,0,0,0,0,0,0,0,0,0,0,0,0,0,0,0,0,0,0,0,0,0,0,0,0,0,0,0,0,0,0,0,0,0,0,0,0,0,0,0,0,0,0,0,0,0,0,0,0,0,0,0,0,0,0,0,0,0,0,0,0,0,0,0,0,0,0,0,0,0,0,0,0,0,0,0,0,0,0,0,0,0,0,0,0,0,0,0,0,0,0,0,0,0,0,0,0,0,0,0,0,0,0,0,0,0,0,0,0,0,0,0,0,0,0,0,0,0,0,0,0,0,0,0,0,0,0,0,0,0,0,0,0,0,0,0,0,0,0,0,0,0,0,0,0,0
0,0,0,0,0,0,0,0,0,0,0,0,0,0,0,0,0,0,0,0,0,0,0,0,0,0,0,0,0,0,0,0,0,0,0,0,0,0,0,0,0,0,0,0,0,0,0,0,0,0,0,0,0,0,0,0,0,0,0,0,0,0,0,0,0,0,0,0,0,0,0,0,0,0,0,0,0,0,0,0,0,0,0,0,0,0,0,0,0,0,0,0,0,0,0,0,0,0,0,0,0,0,0,0,0,0,0,0,0,0,0,0,0,0,0,0,0,0,0,0,0,0,0,0,0,0,0,0,0,0,0,0,0,0,0,0,0,0,0,0,0,0,0,0,0,0,0,0,0,0,0,0
0,0,0,0,0,0,0,0,0,0,0,0,0,0,0,0,0,0,0,0,0,0,0,0,0,0,0,0,0,0,0,0,0,0,0,0,0,0,0,0,0,0,0,0,0,0,0,0,0,0,0,0,0,0,0,0,0,3750,166,166,166,166,0,0,0,0,0,0,0,0,0,0,0,0,0,0,0,0,0,0,0,0,0,0,0,0,0,0,166,166,166,166,0,0,0,0,0,0,0,0,0,0,0,0,0,0,1516,1516,1516,1516,1516,1516,1516,1516,1516,1516,1516,1516,1516,1516,1516,1516,1516,1516,1516,1516,1516,1516,1516,1516,1516,1516,1516,1516,1516,1516,0,0,0,0,0,0,0,0,0,0,0,0,0,0,0,0
0,0,0,0,0,0,0,0,0,0,0,0,0,0,0,0,0,0,0,0,0,0,0,0,0,0,0,0,0,0,0,0,0,0,0,0,0,0,0,0,0,0,0,0,0,0,0,0,0,0,0,0,0,0,0,0,0,3750,166,166,166,166,3752,0,0,0,0,0,0,0,0,0,0,0,0,0,0,0,0,0,0,0,0,0,0,0,0,0,166,166,166,166,0,0,0,0,0,0,0,0,0,0,0,0,0,0,1516,1516,1516,1516,1516,1516,1516,1516,1516,1516,1516,1516,1516,1516,1516,1516,1516,1516,1516,1516,1516,1516,1516,1516,1516,1516,1516,1516,1516,1516,0,0,0,0,0,0,0,0,0,0,0,0,0,0,0,0
0,0,0,0,0,0,0,0,0,0,0,0,0,0,0,0,0,0,0,0,0,0,0,0,0,0,0,0,0,0,0,0,0,0,0,0,0,0,0,0,0,0,0,0,0,0,0,0,0,0,0,0,0,0,0,0,0,3750,166,166,166,166,3752,0,0,0,0,0,0,0,0,0,0,0,0,0,0,0,0,0,0,0,0,0,0,0,0,0,166,166,166,166,0,0,0,0,0,0,0,0,0,0,0,0,0,0,1516,1516,1516,1516,1516,1516,1516,1516,1516,3027,3027,3027,3027,3027,3027,3027,3027,3027,3027,3027,3027,1516,1516,1516,1516,1516,1516,1516,1516,1516,0,0,0,0,0,0,0,0,0,0,0,0,0,0,0,0
0,0,0,0,0,0,0,0,0,0,0,0,0,0,0,0,0,0,0,0,0,0,0,0,0,0,0,3750,166,166,166,3752,0,0,0,0,0,0,0,0,0,0,0,0,0,0,0,0,0,0,0,0,0,0,0,0,0,3750,166,166,166,166,3752,0,0,0,0,0,0,0,0,0,0,0,0,0,0,0,0,0,0,0,0,0,0,0,0,0,166,166,166,166,0,0,0,0,0,0,0,0,0,0,0,0,0,0,1516,1516,1516,1516,1516,1516,1516,1516,1516,3027,3027,3027,3027,3027,3027,3027,3027,3027,3027,3027,3027,1516,1516,1516,1516,1516,1516,1516,1516,1516,0,0,0,0,0,0,0,0,0,0,0,0,0,0,0,0
0,0,0,0,0,0,0,0,0,0,0,0,0,0,0,0,0,0,0,0,0,0,0,0,0,0,0,3750,166,166,166,3752,0,0,0,0,0,0,0,0,0,0,0,0,0,0,0,0,0,0,0,0,0,0,0,0,0,3750,166,166,166,166,3752,0,0,0,0,0,0,0,0,0,0,0,0,0,0,0,0,0,0,0,0,0,0,0,0,0,166,166,166,166,0,0,0,0,0,0,0,0,0,0,0,0,0,0,1516,1516,1516,1516,1516,1516,1516,1516,1516,3027,3027,3027,3027,3027,3027,3027,3027,3027,3027,3027,3027,1516,1516,1516,1516,1516,1516,1516,1516,1516,0,0,0,0,0,0,0,0,0,0,0,0,0,0,0,0
0,0,0,0,0,0,0,0,0,0,0,0,0,0,0,0,0,0,0,0,0,0,0,0,0,0,0,3750,166,166,166,3752,0,0,0,0,0,0,0,0,0,0,0,0,0,0,0,0,0,0,0,0,0,0,0,0,0,3750,166,166,166,166,3752,0,0,0,0,0,0,0,0,0,0,0,0,0,0,0,0,0,0,0,0,0,0,0,0,0,166,166,166,166,0,0,0,0,0,0,0,0,0,0,0,0,0,0,1516,1516,1516,1516,1516,1516,1516,1516,1516,3027,3027,3027,3027,3027,3027,3027,3027,3027,3027,3027,3027,1516,1516,1516,1516,1516,1516,1516,1516,1516,0,0,0,0,0,0,0,0,0,0,0,0,0,0,0,0
0,0,0,0,0,0,0,0,0,0,0,0,0,0,0,0,0,0,0,752,753,753,753,753,753,754,0,3750,166,166,166,3752,0,0,0,0,0,0,0,0,0,0,0,0,0,0,0,0,0,0,0,0,0,0,0,0,0,3750,166,166,166,166,3752,0,0,0,0,0,0,0,0,0,0,0,0,0,0,0,0,0,0,0,0,0,0,0,0,0,166,166,166,166,0,0,0,0,0,0,0,0,0,0,0,0,0,0,1516,1516,1516,1516,1516,1516,1516,1516,1516,3027,3027,3027,3027,3027,3027,3027,3027,3027,3027,3027,3027,1516,1516,1516,1516,1516,1516,1516,1516,1516,0,0,0,0,0,0,0,0,0,0,0,0,0,0,0,0
0,0,0,0,0,0,0,0,0,0,0,0,0,0,0,0,0,0,0,877,878,878,878,878,878,879,0,3750,166,166,166,3752,0,0,0,0,0,0,0,0,0,0,0,0,0,0,0,0,0,0,0,0,0,0,0,0,0,3750,166,166,166,166,3752,0,0,0,0,0,0,0,0,0,0,0,0,0,0,0,0,0,0,0,0,0,0,0,0,0,166,166,166,166,0,0,0,0,0,0,0,0,0,0,0,0,0,0,1516,1516,1516,1516,1516,1516,1516,1516,1516,3027,3027,3027,3027,3027,3027,3027,3027,3027,3027,3027,3027,1516,1516,1516,1516,1516,1516,1516,1516,1516,0,0,0,0,0,0,0,0,0,0,0,0,0,0,0,0
0,0,0,0,0,0,0,0,0,0,0,0,0,0,0,0,0,0,0,877,3,878,878,878,878,879,0,3750,166,166,166,3752,0,0,0,0,0,0,0,0,0,0,0,0,0,0,0,0,0,0,0,0,0,0,0,0,0,3750,166,166,166,166,3752,0,0,0,0,0,0,0,0,0,0,0,0,0,0,0,0,0,0,0,0,0,0,0,0,0,166,166,166,166,0,0,0,0,0,0,0,0,0,0,0,0,0,0,1516,1516,1516,1516,1516,1516,1516,1516,1516,3027,3027,3027,3027,3027,3027,3027,3027,3027,3027,3027,3027,1516,1516,1516,1516,1516,1516,1516,1516,1516,0,0,0,0,0,0,0,0,0,0,0,0,0,0,0,0
0,0,0,0,0,0,0,0,0,0,0,0,0,0,0,0,0,0,0,877,878,878,878,878,878,879,0,3750,166,166,166,3752,0,0,0,0,0,0,0,0,0,0,0,0,0,0,0,0,0,0,0,0,0,0,0,0,0,3750,166,166,166,166,3752,0,0,0,0,0,0,0,0,0,0,0,0,0,0,0,0,0,0,0,0,0,0,0,0,0,166,166,166,166,0,0,0,0,0,0,0,0,0,0,0,0,0,0,1516,1516,1516,1516,1516,1516,1516,1516,1516,1516,1516,1516,1516,1516,3027,3027,1516,1516,1516,1516,1516,1516,1516,1516,1516,1516,1516,1516,1516,1516,0,0,0,0,0,0,0,0,0,0,0,0,0,0,0,0
0,0,0,0,0,0,0,0,0,0,0,0,0,0,0,0,0,0,0,877,878,878,878,878,878,879,0,3750,166,166,166,4125,3626,3626,3626,3626,3626,3626,3626,3752,0,0,0,0,0,0,0,0,0,0,0,0,0,0,0,0,0,3750,166,166,166,166,3752,0,0,0,0,0,0,0,0,0,0,0,0,0,0,0,0,0,0,0,0,0,0,0,0,0,166,166,166,166,0,0,0,0,0,0,0,0,0,0,0,0,0,0,1516,1516,1516,1516,1516,1516,1516,1516,1516,1516,1516,1516,1516,1516,3027,3027,1516,1516,1516,1516,1516,1516,1516,1516,1516,1516,1516,1516,1516,1516,0,0,0,0,0,0,0,0,0,0,0,0,0,0,0,0
0,0,0,0,0,0,0,0,0,0,0,0,0,0,0,0,0,0,0,877,878,878,878,878,878,879,0,3750,166,166,166,166,166,166,166,166,166,166,166,3752,0,0,0,0,0,0,0,0,0,0,0,0,0,0,0,0,0,3750,166,166,166,166,3752,0,0,0,0,0,0,0,0,0,0,0,0,0,0,0,0,0,0,0,0,0,0,0,0,0,166,166,166,166,0,0,0,0,0,0,0,0,0,0,0,0,0,0,1516,1516,1516,1516,1516,1516,1516,1516,1516,1516,1516,1516,1516,1516,3027,3027,1516,1516,1516,1516,1516,1516,1516,1516,1516,1516,1516,1516,1516,1516,0,0,0,0,0,0,0,0,0,0,0,0,0,0,0,0
0,0,0,0,0,0,0,0,0,0,0,0,0,0,0,0,0,0,0,877,878,878,878,878,3,879,0,3750,166,166,166,166,166,166,166,166,166,166,166,3752,0,0,0,0,0,0,0,0,0,0,0,0,0,0,0,0,0,3750,166,166,166,166,3752,0,0,0,0,0,0,0,0,0,0,0,0,0,0,0,0,0,0,0,0,0,0,0,0,0,166,166,166,166,0,0,0,0,0,0,0,0,0,0,0,0,0,0,3027,3027,3027,3027,3027,3027,3027,3027,3027,3027,3027,3027,3027,3027,3027,3027,3027,3027,3771,3771,3771,3771,3771,3771,3771,3771,3771,3771,3027,3027,0,0,0,0,0,0,0,0,0,0,0,0,0,0,0,0
0,0,0,0,0,0,0,0,0,0,0,0,0,0,0,0,0,0,0,877,878,878,878,878,878,879,0,3750,166,166,166,4000,3876,3876,3876,3876,3876,3876,3876,3877,0,0,0,0,0,0,0,0,0,0,0,0,0,0,0,0,0,3750,166,166,166,166,3752,0,0,0,0,0,0,0,0,0,0,0,0,0,0,0,0,0,0,0,0,0,0,0,0,0,166,166,166,166,0,0,0,0,0,0,0,0,0,0,0,0,0,0,3027,3027,3027,3027,3027,3027,3027,3027,3027,3027,3027,3027,3027,3027,3771,3027,3027,3771,3771,3771,3771,3771,3771,3771,3771,3027,3027,3027,3027,3027,0,0,0,0,0,0,0,0,0,0,0,0,0,0,0,0
0,0,0,0,0,0,0,0,0,0,0,0,0,0,0,0,0,0,0,877,878,878,878,878,878,879,0,3750,166,166,166,3752,0,0,0,0,0,0,0,0,0,0,0,0,0,0,0,0,0,0,0,0,0,0,0,0,0,3750,166,166,166,166,3752,0,0,0,0,0,0,0,0,0,0,0,0,0,0,0,0,0,0,0,0,0,0,0,0,0,166,166,166,166,0,0,0,0,0,0,0,0,0,0,0,0,0,0,1516,1516,1516,1516,1516,1516,1516,1516,1516,1516,1516,1516,1516,1516,3771,3771,1516,1516,1516,1516,1516,1516,1516,1516,1516,1516,1516,1516,1516,1516,0,0,0,0,0,0,0,0,0,0,0,0,0,0,0,0
0,0,0,0,0,0,0,0,0,0,0,0,0,0,0,0,0,0,0,877,878,878,878,878,878,879,0,3750,166,166,166,3752,0,0,0,0,0,0,0,0,0,0,0,0,0,0,0,0,0,0,0,0,0,0,0,0,0,3750,166,166,166,166,3752,0,0,0,0,0,0,0,0,0,0,0,0,0,0,0,0,0,0,0,0,0,0,0,0,0,166,166,166,166,0,0,0,0,0,0,0,0,0,0,0,0,0,0,1516,1516,1516,1516,1516,1516,1516,1516,1516,1516,1516,1516,1516,1516,3771,3771,1516,1516,1516,1516,1516,1516,1516,1516,1516,1516,1516,1516,1516,1516,0,0,0,0,0,0,0,0,0,0,0,0,0,0,0,0
0,0,0,0,0,0,0,0,0,0,0,0,0,0,0,0,0,0,0,877,878,3,878,878,878,879,0,3750,166,166,166,4125,3627,0,0,0,0,0,0,0,0,0,0,0,0,0,0,0,0,0,0,0,0,0,0,0,0,3750,166,166,166,166,3752,0,0,0,0,0,0,0,0,0,0,0,0,0,0,0,0,0,0,0,0,0,0,0,0,0,166,166,166,166,0,0,0,0,0,0,0,0,0,0,0,0,0,0,1516,1516,1516,1516,1516,1516,1516,1516,1516,1516,1516,1516,1516,1516,3771,3771,1516,1516,1516,1516,1516,1516,1516,1516,1516,1516,1516,1516,1516,1516,0,0,0,0,0,0,0,0,0,0,0,0,0,0,0,0
0,0,0,0,0,0,0,0,0,0,0,0,0,0,0,0,0,0,0,877,878,878,878,878,878,879,0,3750,166,166,166,166,4125,3627,0,0,0,0,0,0,0,0,0,0,0,0,0,0,0,0,0,0,0,0,0,0,0,3750,166,166,166,166,3752,0,0,0,0,0,0,0,0,0,0,0,0,0,0,0,0,0,0,0,0,0,0,0,0,0,166,166,166,166,0,0,0,0,0,0,0,0,0,0,0,0,0,0,3027,3027,3027,3027,3027,3027,3027,3771,3771,3771,3771,3771,3771,3771,3771,3771,3771,3771,3771,3771,3771,3771,3771,3771,3771,3771,3771,3027,3027,3027,0,0,0,0,0,0,0,0,0,0,0,0,0,0,0,0
0,0,0,0,0,0,0,0,0,0,0,0,0,0,0,0,0,0,0,1002,1003,1003,1003,1003,1003,1004,0,3875,4001,166,166,166,166,4125,3627,0,0,0,0,0,0,0,0,0,0,0,0,0,0,0,0,0,0,0,0,0,0,3750,166,166,166,166,3752,0,0,0,0,0,0,0,0,0,0,0,0,0,0,0,0,0,0,0,0,0,0,0,0,0,166,166,166,166,0,0,0,0,0,0,0,0,0,0,0,0,0,0,3027,3027,3027,3027,3027,3027,3027,3027,3771,3771,3771,3771,3771,3771,3771,3771,3771,3771,3771,3771,3771,3771,3771,3771,3771,3771,3771,3027,3027,3027,0,0,0,0,0,0,0,0,0,0,0,0,0,0,0,0
0,0,0,0,0,0,0,0,0,0,0,0,0,0,0,0,0,3625,3626,3626,3626,3626,3626,3626,3626,3626,3626,3626,3626,3626,166,166,166,166,4125,3626,3626,3626,3626,3626,3626,3626,3626,3626,3626,3626,3626,3626,3626,3626,3626,3626,3626,3626,3626,3626,3626,4126,166,166,166,166,4125,3626,3626,3626,3626,3626,3626,3626,3626,3626,3626,3626,3626,3626,3626,3626,3626,3626,3626,3626,3626,3626,3626,3626,3626,4126,166,166,166,166,4125,3626,3626,3626,3626,3626,3626,3626,3626,3626,3626,3626,3626,3626,1516,1516,1516,1516,1516,1516,1516,1516,1516,1516,1516,1516,1516,1516,3771,3771,1516,1516,1516,1516,1516,1516,1516,1516,1516,1516,1516,1516,1516,1516,0,0,0,0,0,0,0,0,0,0,0,0,0,0,0,0
0,0,0,0,0,0,0,0,0,0,0,0,0,0,0,0,0,3750,166,166,166,166,166,166,166,166,166,166,166,166,166,166,166,166,166,166,166,166,166,166,166,166,166,166,166,166,166,166,166,166,166,166,166,166,166,166,166,166,166,166,166,166,166,166,166,166,166,166,166,166,166,166,166,166,166,166,166,166,166,166,166,166,166,166,166,166,166,166,166,166,166,166,166,166,166,166,166,166,166,166,166,166,166,166,166,166,1516,1516,1516,1516,1516,1516,1516,1516,1516,1516,1516,1516,1516,1516,3771,3771,1516,1516,1516,1516,1516,1516,1516,1516,1516,1516,1516,1516,1516,1516,0,0,0,0,0,0,0,0,0,0,0,0,0,0,0,0
0,0,0,0,0,0,0,0,0,0,0,0,0,0,0,0,0,3750,166,166,166,166,166,166,166,166,166,166,166,166,166,166,166,166,166,166,166,166,166,166,166,166,166,166,166,166,166,166,166,166,166,166,166,166,166,166,166,166,166,166,166,166,166,166,166,166,166,166,166,166,166,166,166,166,166,166,166,166,166,166,166,166,166,166,166,166,166,166,166,166,166,166,166,166,166,166,166,166,166,166,166,166,166,166,166,166,1516,1516,1516,1516,1516,1516,1516,1516,1516,1516,1516,1516,1516,1516,3771,3771,1516,1516,1516,1516,1516,1516,1516,1516,1516,1516,1516,1516,1516,1516,0,0,0,0,0,0,0,0,0,0,0,0,0,0,0,0
0,0,0,0,0,0,0,0,0,0,0,0,0,0,0,0,0,3875,3876,3876,3876,3876,3876,3876,3876,3876,3876,3876,3876,3876,3876,3876,3876,3876,3876,3876,3876,3876,3876,3876,3876,3876,3876,3876,3876,3876,3876,3876,3876,3876,3876,3876,3876,3876,3876,3876,3876,4001,166,166,166,166,4000,0,0,0,0,0,0,0,0,0,0,0,0,0,0,0,0,0,0,0,0,0,0,0,0,4001,166,166,166,166,4000,0,0,0,0,0,0,0,0,0,0,0,0,0,3027,3027,3027,3027,3027,3027,3027,3027,3771,3027,3027,3027,3027,3027,3771,3027,3027,3027,3027,3027,3027,3027,3027,3027,3771,3771,3771,3771,3027,3027,0,0,0,0,0,0,0,0,0,0,0,0,0,0,0,0
0,0,0,0,0,0,0,0,0,0,0,0,0,0,0,0,0,0,0,0,0,0,0,0,0,0,0,0,0,0,0,0,0,0,0,0,0,0,0,0,0,0,0,0,0,0,0,0,0,0,0,0,0,0,0,0,0,3750,166,166,166,166,3752,0,0,0,0,0,0,0,0,0,0,0,0,0,0,0,0,0,0,0,0,0,0,0,0,3750,166,166,166,166,3752,0,0,0,0,0,0,0,0,0,0,0,0,0,3027,3027,3027,3027,3027,3027,3027,3027,3771,3027,3027,3027,3027,3027,3027,3027,3027,3027,3027,3027,3027,3027,3027,3027,3027,3027,3027,3027,3027,3027,0,0,0,0,0,0,0,0,0,0,0,0,0,0,0,0
0,0,0,0,0,0,0,0,0,0,0,0,0,0,0,0,0,0,0,0,0,0,0,0,0,0,0,0,0,0,0,0,0,0,0,0,0,0,0,0,0,0,0,0,0,0,0,0,0,0,0,0,0,0,0,0,0,3750,166,166,166,166,3752,0,0,0,0,0,0,0,0,0,0,0,0,0,0,0,0,0,0,0,0,0,0,0,0,3750,166,166,166,166,3752,0,0,0,0,0,0,0,0,0,0,0,0,0,1516,1516,1516,1516,1516,1516,1516,1516,1516,1516,1516,1516,1516,1516,3027,3027,1516,1516,1516,1516,1516,1516,1516,1516,1516,1516,1516,1516,1516,1516,0,0,0,0,0,0,0,0,0,0,0,0,0,0,0,0
0,0,0,0,0,0,0,0,0,0,0,0,0,0,0,0,0,0,0,0,0,0,0,0,0,0,0,0,0,0,0,0,0,0,0,0,0,0,0,0,0,0,0,0,0,0,0,0,0,0,0,0,0,0,0,0,0,3750,166,166,166,166,3752,0,0,0,0,0,0,0,0,0,0,0,0,0,0,0,0,0,0,0,0,0,0,0,0,3750,166,166,166,166,3752,0,0,0,0,0,0,0,0,0,0,0,0,0,1516,1516,1516,1516,1516,1516,1516,1516,1516,1516,1516,1516,1516,1516,3027,3027,1516,1516,1516,1516,1516,1516,1516,1516,1516,1516,1516,1516,1516,1516,0,0,0,0,0,0,0,0,0,0,0,0,0,0,0,0
0,0,0,0,0,0,0,0,0,0,0,0,0,0,0,0,0,0,0,0,0,0,0,0,0,0,0,0,0,0,0,0,0,0,0,0,0,0,0,0,0,0,0,0,0,0,0,0,0,0,0,0,0,0,0,0,0,3750,166,166,166,166,3752,0,0,0,0,0,0,0,0,0,0,0,0,0,0,0,0,0,0,0,0,0,0,0,0,3750,166,166,166,166,3752,0,0,0,0,0,0,0,0,0,0,0,0,0,1516,1516,1516,1516,1516,1516,1516,1516,1516,1516,1516,1516,1516,1516,3027,3027,1516,1516,1516,1516,1516,1516,1516,1516,1516,1516,1516,1516,1516,1516,0,0,0,0,0,0,0,0,0,0,0,0,0,0,0,0
0,0,0,0,0,0,0,0,0,0,0,0,0,0,0,0,0,0,0,0,0,0,0,0,0,0,0,0,0,0,0,0,0,0,0,0,0,0,0,0,0,0,0,0,0,0,0,0,0,0,0,0,0,0,0,0,0,3750,166,166,166,166,3752,0,0,0,0,0,0,0,0,0,0,0,0,0,0,0,0,0,0,0,0,0,0,0,0,3750,166,166,166,166,3752,0,0,0,0,0,0,0,0,0,0,0,0,0,1516,1516,1516,1516,1516,1516,1516,1516,1516,1516,1516,1516,1516,1516,3027,3027,1516,1516,1516,1516,1516,1516,1516,1516,1516,1516,1516,1516,1516,1516,0,0,0,0,0,0,0,0,0,0,0,0,0,0,0,0
0,0,0,0,0,0,0,0,0,0,0,0,0,0,0,0,0,0,0,0,0,0,0,0,0,0,0,0,0,0,0,0,0,0,0,0,0,0,0,0,0,0,0,0,0,0,0,0,0,0,0,0,0,0,0,0,0,3750,166,166,166,166,3752,0,0,0,0,0,0,0,0,0,0,0,0,0,0,0,0,0,0,0,0,0,0,0,0,3750,166,166,166,166,3752,0,0,0,0,0,0,0,0,0,0,0,0,0,1516,1516,1516,1516,1516,1516,1516,1516,1516,1516,1516,1516,1516,1516,3027,3027,1516,1516,1516,1516,1516,1516,1516,1516,1516,1516,1516,1516,1516,1516,0,0,0,0,0,0,0,0,0,0,0,0,0,0,0,0
0,0,0,0,0,0,0,0,0,0,0,0,0,0,0,0,0,0,0,0,0,0,0,0,0,0,0,0,0,0,0,0,0,0,0,0,0,0,0,0,0,0,0,0,0,0,0,0,0,0,0,0,0,0,0,0,0,3750,166,166,166,166,3752,0,0,0,0,0,0,0,0,0,0,0,0,0,0,0,0,0,0,0,0,0,0,0,0,3750,166,166,166,166,3752,0,0,0,0,0,0,0,0,0,0,0,0,0,1516,1516,1516,1516,1516,1516,1516,1516,1516,1516,1516,1516,1516,23,23,23,23,1516,1516,1516,1516,1516,1516,1516,1516,1516,1516,1516,1516,1516,0,0,0,0,0,0,0,0,0,0,0,0,0,0,0,0
0,0,0,0,0,0,0,0,0,0,0,0,0,0,0,0,501,501,501,501,501,501,501,501,501,501,501,501,501,501,501,501,501,501,501,501,501,501,501,501,501,501,501,501,501,501,0,0,0,0,0,0,0,0,0,0,0,3750,166,166,166,166,3752,0,0,0,0,0,0,0,0,0,0,0,0,0,0,0,0,0,0,0,0,0,0,0,0,3750,166,166,166,166,3752,0,0,0,0,0,0,0,0,0,0,0,0,0,0,0,0,0,0,0,0,0,0,0,0,0,0,273,273,273,273,0,0,0,0,0,0,0,0,0,0,0,0,0,0,0,0,0,0,0,0,0,0,0,0,0,0,0,0,0
0,0,0,0,0,0,0,0,0,0,0,0,0,0,0,0,501,501,501,501,501,501,501,501,501,501,501,501,501,501,501,501,501,501,501,501,501,501,501,501,501,501,501,501,501,501,0,0,0,0,0,0,0,0,0,0,0,3750,166,166,166,166,3752,0,0,0,0,0,0,0,0,0,0,0,0,0,0,0,0,0,0,0,0,0,0,0,0,3750,166,166,166,166,3752,0,0,0,0,0,0,0,0,0,0,0,0,0,0,0,0,0,0,0,0,0,0,0,0,0,0,398,398,398,398,0,0,0,0,0,0,0,0,0,0,0,0,0,0,0,0,0,0,0,0,0,0,0,0,0,0,0,0,0
0,0,0,0,0,0,0,0,0,0,0,0,0,0,0,0,501,501,501,501,501,501,501,501,501,501,501,501,501,501,501,501,501,501,501,501,501,501,501,501,501,501,501,501,501,501,0,0,0,0,0,0,0,0,0,0,0,3750,166,166,166,166,3752,0,0,0,0,0,0,0,0,0,0,0,0,0,0,0,0,0,0,0,0,0,0,0,0,3750,166,166,166,166,3752,0,0,0,0,0,0,0,0,0,0,0,0,0,0,0,0,0,0,0,0,0,0,0,0,0,0,0,0,0,0,0,0,0,0,0,0,0,0,0,0,0,0,0,0,0,0,0,0,0,0,0,0,0,0,0,0,0,0,0
0,0,0,0,0,0,0,0,0,0,0,0,0,0,0,0,501,501,501,501,501,501,501,501,501,501,501,501,501,501,501,501,501,501,501,501,501,501,501,501,501,501,501,501,501,501,0,0,0,0,0,0,0,0,0,0,0,3750,166,166,166,166,3752,0,0,0,0,0,0,0,0,0,0,0,0,0,0,0,0,0,0,0,0,0,0,0,0,3750,166,166,166,166,3752,0,0,0,0,0,0,0,0,0,0,0,0,0,0,0,0,0,0,0,0,0,0,0,0,0,0,0,0,0,0,0,0,0,0,0,0,0,0,0,0,0,0,0,0,0,0,0,0,0,0,0,0,0,0,0,0,0,0,0
0,0,0,0,0,0,0,0,0,0,0,0,0,0,0,0,501,501,501,501,501,501,501,501,501,501,501,501,501,501,501,501,501,501,501,501,501,501,501,501,501,501,501,501,501,501,0,0,0,0,0,0,0,0,0,0,0,3750,166,166,166,166,3752,0,0,0,0,0,0,0,0,0,0,0,0,0,0,0,0,0,0,0,0,0,0,0,0,3750,166,166,166,166,3752,0,0,0,0,0,0,0,0,0,0,0,0,0,0,0,0,0,0,0,0,0,0,0,0,0,0,0,0,0,0,0,0,0,0,0,0,0,0,0,0,0,0,0,0,0,0,0,0,0,0,0,0,0,0,0,0,0,0,0
0,0,0,0,0,0,0,0,0,0,0,0,0,0,0,0,501,501,501,501,501,501,501,501,501,501,501,501,501,501,501,501,501,501,501,501,501,501,501,501,501,501,501,501,501,501,0,0,0,0,0,0,0,0,0,0,0,3750,166,166,166,166,3752,0,0,0,0,0,0,0,0,0,0,0,0,0,0,0,0,0,0,0,0,0,0,0,0,3750,166,166,166,166,3752,0,0,0,0,0,0,0,0,0,0,0,0,0,0,0,0,0,0,0,0,0,0,0,0,0,0,60,60,60,60,0,0,0,0,0,0,0,0,0,0,0,0,0,0,0,0,0,0,0,0,0,0,0,0,0,0,0,0,0
0,0,0,0,0,0,0,0,0,0,0,0,0,0,0,0,501,501,501,501,501,501,501,501,501,501,501,501,501,501,501,501,501,501,501,501,501,501,501,501,501,501,501,501,501,501,0,0,0,0,0,0,0,0,0,0,0,3750,166,166,166,166,3752,0,0,0,0,0,0,0,0,0,0,0,0,0,0,0,0,0,0,0,0,0,0,0,0,3750,166,166,166,166,3752,0,0,0,0,0,0,0,0,0,0,0,0,0,0,0,0,0,0,0,0,0,0,0,0,0,0,60,60,60,60,0,0,0,0,0,0,0,0,0,0,0,0,0,0,0,0,0,0,0,0,0,0,0,0,0,0,0,0,0
0,0,0,0,0,0,0,0,0,0,0,0,0,0,0,0,766,766,766,766,766,766,766,766,766,766,766,766,766,766,766,766,766,766,767,765,766,766,766,766,766,766,766,766,766,766,0,0,0,0,0,0,0,0,0,0,0,3750,166,166,166,166,3752,0,0,0,0,0,0,0,0,0,0,0,0,0,0,0,0,0,0,0,0,0,0,0,0,3750,166,166,166,166,3752,0,0,0,0,0,0,0,0,0,0,0,0,0,752,753,753,753,753,753,753,753,753,753,753,754,0,60,60,60,60,0,752,753,753,753,753,753,753,753,753,753,753,754,0,0,0,0,0,0,0,0,0,0,0,0,0,0,0,0
0,0,0,0,0,0,0,0,0,0,0,0,0,0,0,0,891,891,891,891,891,891,891,891,891,891,891,891,891,891,891,891,891,891,892,890,891,891,891,891,891,891,891,891,891,891,0,0,0,0,0,0,0,0,0,0,0,3750,166,166,166,166,3752,0,0,0,0,0,0,0,0,0,0,0,0,0,0,0,0,0,0,0,0,0,0,0,0,3750,166,166,166,166,3752,0,0,0,0,0,0,0,0,0,0,0,0,0,877,891,891,891,891,891,891,891,891,891,891,879,0,60,60,60,60,0,877,891,891,891,891,891,891,891,891,891,891,879,0,0,0,0,0,0,0,0,0,0,0,0,0,0,0,0
0,0,0,0,0,0,0,0,0,0,0,0,0,0,0,0,891,891,891,891,891,891,891,891,891,891,891,891,891,891,891,891,891,891,892,890,891,891,891,891,891,891,891,891,891,891,0,0,0,0,0,0,0,0,0,0,0,3750,166,166,166,166,3752,0,0,0,0,0,0,0,0,0,0,0,0,0,0,0,0,0,0,0,0,0,0,0,0,3750,166,166,166,166,3752,0,0,0,0,0,0,0,0,0,0,0,0,0,877,891,891,891,891,891,891,891,891,891,891,879,0,60,60,60,60,0,877,891,891,891,891,891,891,891,891,891,891,879,0,0,0,0,0,0,0,0,0,0,0,0,0,0,0,0
0,0,0,0,0,0,0,0,0,0,0,0,0,0,0,0,891,891,891,891,891,891,891,891,891,891,891,891,891,891,891,891,891,891,892,890,891,891,891,891,891,891,891,891,891,891,0,0,0,0,0,0,0,0,0,0,0,3750,166,166,166,166,3752,0,0,0,0,0,0,0,0,0,0,0,0,0,0,0,0,0,0,0,0,0,0,0,0,3750,166,166,166,166,3752,0,0,0,0,0,0,0,0,0,0,0,0,0,877,891,891,891,891,891,891,891,891,891,891,879,0,60,60,60,60,0,877,891,891,891,891,891,891,891,891,891,891,879,0,0,0,0,0,0,0,0,0,0,0,0,0,0,0,0
0,0,0,0,0,0,0,0,0,0,0,0,0,0,0,0,891,891,891,891,891,891,891,891,891,891,891,891,891,891,891,891,891,891,892,890,891,891,891,891,891,891,891,891,891,891,0,0,0,0,0,0,0,0,0,0,0,3750,166,166,166,166,3752,0,0,0,0,0,0,0,0,0,0,0,0,0,0,0,0,0,0,0,0,0,0,0,0,3750,166,166,166,166,3752,0,0,0,0,0,0,0,0,0,0,0,0,0,877,891,891,891,891,891,891,891,891,891,891,879,0,60,60,60,60,0,877,891,891,891,891,891,891,891,891,891,891,879,0,0,0,0,0,0,0,0,0,0,0,0,0,0,0,0
0,0,0,0,0,0,0,0,0,0,0,0,0,0,0,0,891,891,891,891,891,891,891,891,891,891,891,891,891,891,891,891,891,891,892,501,501,501,501,501,501,501,501,501,501,501,0,0,0,0,0,0,0,0,0,0,0,3750,166,166,166,166,3752,0,0,0,0,0,0,0,0,0,0,0,0,0,0,0,0,0,0,0,0,0,0,0,0,3750,166,166,166,166,3752,0,0,0,0,0,0,0,0,0,0,0,0,0,877,891,891,891,891,891,891,891,891,891,891,879,0,60,60,60,60,0,877,891,891,891,891,891,891,891,891,891,891,879,0,0,0,0,0,0,0,0,0,0,0,0,0,0,0,0
0,0,0,0,0,0,0,0,0,0,0,0,0,0,0,0,891,891,891,891,891,891,891,891,891,891,891,891,891,891,891,891,891,891,892,501,501,501,501,501,501,501,501,501,501,501,0,0,0,0,0,0,0,0,0,0,0,3750,166,166,166,166,3752,0,0,0,0,0,0,0,0,0,0,0,0,0,0,0,0,0,0,0,0,0,0,0,0,3750,166,166,166,166,3752,0,0,0,0,0,0,0,0,0,0,0,0,0,877,891,891,891,891,891,891,891,891,891,891,879,0,60,60,60,60,0,877,891,891,891,891,891,891,891,891,891,891,879,0,0,0,0,0,0,0,0,0,0,0,0,0,0,0,0
0,0,0,0,0,0,0,0,0,0,0,0,0,0,0,0,891,891,891,891,891,891,891,891,891,891,891,891,891,891,891,891,891,891,892,765,766,766,766,766,766,766,766,766,766,766,0,0,0,0,0,0,0,0,0,0,0,3750,166,166,166,166,3752,0,0,0,0,0,0,0,0,0,0,0,0,0,0,0,0,0,0,0,0,0,0,0,0,3750,166,166,166,166,3752,0,0,0,0,0,0,0,0,0,0,0,0,0,877,891,891,891,891,891,891,891,891,891,891,879,0,60,60,60,60,0,877,891,891,891,891,891,891,891,891,891,891,879,0,0,0,0,0,0,0,0,0,0,0,0,0,0,0,0
0,0,0,0,0,0,0,0,0,0,0,0,0,0,0,0,891,891,891,891,891,891,891,891,891,891,891,891,891,891,891,891,891,891,892,890,891,891,891,891,891,891,891,891,891,891,0,0,0,0,0,0,0,0,0,0,0,3750,166,166,166,166,3752,0,0,0,0,0,0,0,0,0,0,0,0,0,0,0,0,0,0,0,0,0,0,0,0,3750,166,166,166,166,3752,0,0,0,0,0,0,0,0,0,0,0,0,0,877,891,891,891,891,891,891,891,891,891,891,879,0,60,60,60,60,0,877,891,891,891,891,891,891,891,891,891,891,879,0,0,0,0,0,0,0,0,0,0,0,0,0,0,0,0
0,0,0,0,0,0,0,0,0,0,0,0,0,0,0,0,891,891,891,891,891,891,891,891,891,891,891,891,891,891,891,891,891,891,892,890,891,891,891,891,891,891,891,891,891,891,0,0,0,0,0,0,0,0,0,0,0,3750,166,166,166,166,3752,0,0,0,0,0,0,0,0,0,0,0,0,0,0,0,0,0,0,0,0,0,0,0,0,3750,166,166,166,166,3752,0,0,0,0,0,0,0,0,0,0,0,0,0,877,891,891,891,891,891,891,891,891,891,891,879,0,60,60,60,60,0,877,891,891,891,891,891,891,891,891,891,891,879,0,0,0,0,0,0,0,0,0,0,0,0,0,0,0,0
0,0,0,0,0,0,0,0,0,0,0,0,0,0,0,0,891,891,891,891,891,891,891,891,891,891,891,891,891,891,891,891,891,891,892,890,891,891,891,891,891,891,891,891,891,891,0,0,0,0,0,0,0,0,0,0,0,3750,166,166,166,166,3752,0,0,0,0,0,0,0,0,0,0,0,0,0,0,0,0,0,0,0,0,0,0,0,0,3750,166,166,166,166,3752,0,0,0,0,0,0,0,0,0,0,0,0,0,877,891,891,891,891,891,891,891,891,891,891,879,0,60,60,60,60,0,877,891,891,891,891,891,891,891,891,891,891,879,0,0,0,0,0,0,0,0,0,0,0,0,0,0,0,0
0,0,0,0,0,0,0,0,0,0,0,0,0,0,0,0,891,891,891,891,891,891,891,891,891,891,891,891,891,891,891,891,891,891,892,890,891,891,891,891,891,891,891,891,891,891,0,0,0,0,0,0,0,0,0,0,0,3750,166,166,166,166,3752,0,0,0,0,0,0,0,0,0,0,0,0,0,0,0,0,0,0,0,0,0,0,0,0,3750,166,166,166,166,3752,0,0,0,0,0,0,0,0,0,0,0,0,0,1002,1003,1003,1003,1003,1003,1003,1003,1003,1003,1003,1004,0,60,60,60,60,0,1002,1003,1003,1003,1003,1003,1003,1003,1003,1003,1003,1004,0,0,0,0,0,0,0,0,0,0,0,0,0,0,0,0
0,0,0,0,0,0,0,0,0,0,0,0,0,0,0,0,891,891,891,891,891,891,891,891,891,891,891,891,891,891,891,891,891,891,892,890,891,891,891,891,891,891,891,891,891,891,3626,3626,3626,3626,3626,3626,3626,3626,3626,3626,3626,4126,166,166,166,166,4125,3626,3626,3626,3626,3626,3626,3626,3626,3626,3626,3626,3626,3626,3626,3626,3626,3626,3626,3626,3626,3626,3626,3626,3626,4126,166,166,166,166,4125,3626,3626,3626,3626,3626,3626,3626,3626,3626,3626,3626,3626,3626,3626,3626,3626,3626,3626,3626,3626,3626,3626,3626,3626,3626,3626,60,60,60,60,3626,3626,3626,3626,3626,3626,3626,3626,3626,3626,3626,3626,3626,0,0,0,0,0,0,0,0,0,0,0,0,0,0,0,0
0,0,0,0,0,0,0,0,0,0,0,0,0,0,0,0,891,891,891,891,891,891,891,891,891,891,891,891,891,891,891,891,1140,1016,1017,1015,1016,1016,1016,1016,1016,1016,1016,1016,1016,1016,166,166,166,166,166,166,166,166,166,166,166,166,166,166,166,166,166,166,166,166,166,166,166,166,166,166,166,166,166,166,166,166,166,166,166,166,166,166,166,166,166,166,166,166,166,166,166,166,166,166,166,166,166,166,166,166,166,166,166,166,166,166,166,166,166,166,166,166,166,166,166,166,166,166,166,166,166,166,166,166,166,166,166,166,166,166,166,166,166,166,0,0,0,0,0,0,0,0,0,0,0,0,0,0,0,0
0,0,0,0,0,0,0,0,0,0,0,0,0,0,0,0,891,891,891,891,891,891,891,891,891,891,891,891,891,891,891,891,892,501,501,501,501,501,501,501,501,501,501,501,501,501,166,166,166,166,166,166,166,166,166,166,166,166,166,166,166,166,166,166,166,166,166,166,166,166,166,166,166,166,166,166,166,166,166,166,166,166,166,166,166,166,166,166,166,166,166,166,166,166,166,166,166,166,166,166,166,166,166,166,166,166,166,166,166,166,166,166,166,166,166,166,166,166,166,166,166,166,166,166,166,166,166,166,166,166,166,166,166,166,166,166,0,0,0,0,0,0,0,0,0,0,0,0,0,0,0,0
0,0,0,0,0,0,0,0,0,0,0,0,0,0,0,0,1016,1016,1016,1016,1016,1016,1016,1016,1016,1016,1016,1016,1016,1016,1016,1016,1017,501,501,501,501,501,501,501,501,501,501,501,501,501,3876,3876,3876,3876,3876,3876,3876,3876,3876,3876,3876,4001,166,166,166,166,4000,3876,3876,3876,3876,3876,3876,3876,3876,3876,3876,3876,3876,3876,3876,3876,3876,3876,3876,3876,3876,3876,3876,3876,3876,4001,166,166,166,166,4000,3876,3876,3876,3876,3876,3876,3876,3876,3876,3876,3876,3876,3876,3876,3876,3876,3876,3876,3876,3876,3876,3876,3876,3876,3876,0,166,166,166,166,3876,3876,3876,3876,3876,3876,3876,3876,3876,3876,3876,3876,3876,0,0,0,0,0,0,0,0,0,0,0,0,0,0,0,0
0,0,0,0,0,0,0,0,0,0,0,0,0,0,0,0,766,766,766,766,766,766,766,766,766,766,766,766,766,766,766,766,766,766,766,766,766,766,766,766,766,766,766,766,766,766,0,0,0,0,0,0,0,0,0,0,0,3750,166,166,166,166,3752,0,0,0,0,0,0,0,0,0,0,0,0,0,0,0,0,0,0,0,0,0,0,0,0,3750,166,166,166,166,3752,0,0,0,0,0,0,0,0,0,0,0,0,0,0,0,0,0,0,0,0,0,0,0,0,0,3750,166,166,166,166,3752,0,0,0,0,0,0,0,0,0,0,0,0,0,0,0,0,0,0,0,0,0,0,0,0,0,0,0,0
0,0,0,0,0,0,0,0,0,0,0,0,0,0,0,0,768,769,770,768,769,770,768,769,770,768,769,770,768,769,770,768,769,770,768,769,770,768,769,770,768,769,768,769,770,770,0,0,0,0,0,0,0,0,0,0,0,3750,166,166,166,166,3752,0,0,0,0,0,0,0,0,0,0,0,0,0,0,0,0,0,0,0,0,0,0,0,0,3750,166,166,166,166,3752,0,0,0,0,0,0,0,0,0,0,0,0,0,0,0,0,0,0,0,0,0,0,0,0,0,3750,166,166,166,166,3752,0,0,0,0,0,0,0,0,0,0,0,0,0,0,0,0,0,0,0,0,0,0,0,0,0,0,0,0
0,0,0,0,0,0,0,0,0,0,0,0,0,0,0,0,893,894,895,893,894,895,893,894,895,893,894,895,893,894,895,893,894,895,893,894,895,893,894,895,893,894,893,894,895,895,0,0,0,0,0,0,0,0,0,0,0,3750,166,166,166,166,3752,0,0,0,0,0,0,0,0,0,0,0,0,0,0,0,0,0,0,0,0,0,0,0,0,3750,166,166,166,166,3752,0,0,0,0,0,0,0,0,0,0,0,0,0,0,0,0,0,0,0,0,0,0,0,0,0,3750,166,166,166,166,3752,0,0,0,0,0,0,0,0,0,0,0,0,0,0,0,0,0,0,0,0,0,0,0,0,0,0,0,0
0,0,0,0,0,0,0,0,0,0,0,0,0,0,0,0,1018,1019,1020,1018,1019,1020,1018,1019,1020,1018,1019,1020,1018,1019,1020,1018,1019,1020,1018,1019,1020,1018,1019,1020,1018,1019,1019,1018,1019,1020,0,0,0,0,0,0,0,0,0,0,0,3750,166,166,166,166,3752,0,0,0,0,0,0,0,0,0,0,0,0,0,0,0,0,0,0,0,0,0,0,0,0,3750,166,166,166,166,3752,0,0,0,0,0,0,0,0,0,0,0,0,0,0,0,0,0,0,0,0,0,0,0,0,0,3750,166,166,166,166,3752,0,0,0,0,0,0,0,0,0,0,0,0,0,0,0,0,0,0,0,0,0,0,0,0,0,0,0,0
0,0,0,0,0,0,0,0,0,0,0,0,0,0,0,0,1268,1269,1267,1268,1269,1267,1268,1269,1267,1268,1269,1267,1268,1269,1267,1268,1269,1267,1268,1269,1267,1268,1269,1267,1268,1269,1267,1268,1269,891,0,0,0,0,0,0,0,0,0,0,0,3750,166,166,166,166,3752,0,0,0,0,0,0,0,0,0,0,0,0,0,0,0,0,0,0,0,0,0,0,0,0,3750,166,166,166,166,3752,0,0,0,0,0,0,0,0,0,0,0,0,0,0,0,0,0,0,0,0,0,0,0,0,0,3750,166,166,166,166,3752,0,0,0,0,0,0,0,0,0,0,0,0,0,0,0,0,0,0,0,0,0,0,0,0,0,0,0,0
0,0,0,0,0,0,0,0,0,0,0,0,0,0,0,0,891,891,891,891,891,891,891,891,891,891,891,891,891,891,891,891,891,891,891,891,891,891,891,891,891,891,891,891,891,891,0,0,0,0,0,0,0,0,0,0,0,3750,166,166,166,166,3752,0,0,0,0,0,0,0,0,0,0,0,0,0,0,0,0,0,0,0,0,0,0,0,0,3750,166,166,166,166,3752,0,0,0,0,0,0,0,0,0,0,0,0,0,0,0,0,0,0,0,0,0,0,0,0,0,3750,166,166,166,166,3752,0,0,0,0,0,0,0,0,0,0,0,0,0,0,0,0,0,0,0,0,0,0,0,0,0,0,0,0
0,0,0,0,0,0,0,0,0,0,0,0,0,0,0,0,891,891,891,891,891,891,891,891,891,891,891,891,891,891,891,891,891,891,891,891,891,891,891,891,891,891,891,891,891,891,0,0,0,0,0,0,0,0,0,0,0,3750,166,166,166,166,3752,0,0,0,0,0,0,0,0,0,0,0,0,0,0,0,0,0,0,0,0,0,0,0,0,3750,166,166,166,166,3752,0,0,0,0,0,0,0,0,0,0,0,0,0,0,0,0,0,0,0,0,0,0,0,0,0,3750,166,166,166,166,3752,0,0,0,0,0,0,0,0,0,0,0,0,0,0,0,0,0,0,0,0,0,0,0,0,0,0,0,0
0,0,0,0,0,0,0,0,0,0,0,0,0,0,0,0,0,0,0,0,0,0,0,0,0,0,0,0,0,0,0,0,0,0,0,0,0,0,0,0,0,0,0,0,0,0,0,0,0,0,0,0,0,0,0,0,0,3750,166,166,166,166,3752,0,0,0,0,0,0,0,0,0,0,0,0,0,0,0,0,0,0,0,0,0,0,0,0,3750,166,166,166,166,3752,0,0,0,0,0,0,0,0,0,0,0,0,0,0,0,0,0,0,0,0,0,0,0,0,0,3750,166,166,166,166,3752,0,0,0,0,0,0,0,0,0,0,0,0,0,0,0,0,0,0,0,0,0,0,0,0,0,0,0,0
0,0,0,0,0,0,0,0,0,0,0,0,0,0,0,0,0,0,0,0,0,0,0,0,0,0,0,0,0,0,0,0,0,0,0,0,0,0,0,0,0,0,0,0,0,0,0,0,0,0,0,0,0,0,0,0,0,3750,166,166,166,166,3752,0,0,0,0,0,0,0,0,0,0,0,0,0,0,3765,3765,3765,3765,3765,3765,3765,3765,3765,3765,3750,166,166,166,166,3752,0,0,0,0,0,0,0,0,0,0,0,0,0,0,0,0,0,0,0,0,0,0,0,0,0,3750,166,166,166,166,3752,0,0,0,0,0,0,0,0,0,0,0,0,0,0,0,0,0,0,0,0,0,0,0,0,0,0,0,0
0,0,0,0,0,0,0,0,0,0,0,0,0,0,0,0,0,0,0,0,0,0,0,0,0,0,0,0,0,0,0,0,0,0,0,0,0,0,0,0,0,0,0,0,0,0,0,0,0,0,0,0,0,0,0,0,0,3750,166,166,166,166,3752,0,0,0,0,0,0,0,0,0,0,0,0,0,0,3765,3765,3765,3765,3765,3765,3765,3765,3765,3765,3750,166,166,166,166,3752,0,0,0,0,0,0,0,0,0,0,0,0,0,0,0,0,0,0,0,0,0,0,0,0,0,3750,166,166,166,166,3752,0,0,0,0,0,0,0,0,0,0,0,0,0,0,0,0,0,0,0,0,0,0,0,0,0,0,0,0
0,0,0,0,0,0,0,0,0,0,0,0,0,0,0,0,0,0,0,0,0,0,0,0,0,0,0,0,0,0,0,0,0,0,0,0,0,0,0,0,0,0,0,0,0,0,0,0,0,0,0,0,0,0,0,0,0,3750,166,166,166,166,3752,0,0,0,0,0,0,0,0,0,0,0,0,0,0,3765,3765,3765,3765,3765,3765,3765,3765,3765,3765,3750,166,166,166,166,3752,0,0,0,0,0,0,0,0,0,0,0,0,0,0,0,0,0,0,0,0,0,0,0,0,0,3750,166,166,166,166,3752,0,0,0,0,0,0,0,0,0,0,0,0,0,0,0,0,0,0,0,0,0,0,0,0,0,0,0,0
0,0,0,0,0,0,0,0,0,0,0,0,0,0,0,0,0,0,0,0,0,0,0,0,0,0,0,0,0,0,0,0,0,0,0,0,0,0,0,0,0,0,0,0,0,0,0,0,0,0,0,0,0,0,0,0,0,3750,166,166,166,166,3752,0,0,0,0,0,0,0,0,0,0,0,0,0,0,3765,3765,3765,3765,3765,3765,3765,3765,3765,3765,3750,166,166,166,166,3752,0,0,0,0,0,0,0,0,0,0,0,0,0,0,0,0,0,0,0,0,0,0,0,0,0,3750,166,166,166,166,3752,0,0,0,0,0,0,0,0,0,0,0,0,0,0,0,0,0,0,0,0,0,0,0,0,0,0,0,0
0,0,0,0,0,0,0,0,0,0,0,0,0,0,0,0,0,0,0,0,0,0,0,0,0,0,0,0,0,0,0,0,0,0,0,0,0,0,0,0,0,0,0,0,0,0,0,0,0,0,0,0,0,0,0,0,0,3750,166,166,166,166,3752,0,0,0,0,0,0,0,0,0,0,0,0,0,0,3765,3765,3765,3765,3765,3765,3765,3765,3765,3765,3750,166,166,166,166,3752,0,0,0,0,0,0,0,0,0,0,0,0,0,0,0,0,0,0,0,0,0,0,0,0,0,3750,166,166,166,166,3752,0,0,0,0,0,0,0,0,0,0,0,0,0,0,0,0,0,0,0,0,0,0,0,0,0,0,0,0
0,0,0,0,0,0,0,0,0,0,0,0,0,0,0,0,0,0,0,0,0,0,0,0,0,0,0,0,0,0,0,0,0,0,0,0,0,0,0,0,0,0,0,0,0,0,0,0,0,0,0,0,0,0,0,0,0,3750,166,166,166,166,3752,0,0,0,0,0,0,0,0,0,0,0,0,0,0,3765,3765,3765,3765,3765,3765,3765,3765,3765,3765,3750,166,166,166,166,3752,0,0,0,0,0,0,0,0,0,0,0,0,0,0,0,0,0,0,0,0,0,0,0,0,0,3750,166,166,166,166,3752,0,0,0,0,0,0,0,0,0,0,0,0,0,0,0,0,0,0,0,0,0,0,0,0,0,0,0,0
0,0,0,0,0,0,0,0,0,0,0,0,0,0,0,0,0,0,0,0,0,0,0,0,0,0,0,0,0,0,0,0,0,0,0,0,0,0,0,0,0,0,0,0,0,0,0,0,0,0,0,0,0,0,0,0,0,3750,166,166,166,166,3752,0,0,0,0,0,0,0,0,0,0,0,0,0,0,3765,3765,0,6375,6376,6376,6377,0,0,0,3750,166,166,166,166,3752,0,0,0,0,0,0,0,0,0,0,0,0,0,0,0,0,0,0,0,0,0,0,0,0,0,3750,166,166,166,166,3752,0,0,0,0,0,0,0,0,0,0,0,0,0,0,0,0,0,0,0,0,0,0,0,0,0,0,0,0
0,0,0,0,0,0,0,0,0,0,0,0,0,0,0,0,0,0,0,0,0,0,0,0,0,0,0,0,0,0,6375,6376,6376,6377,6375,6376,6376,6377,0,0,0,0,0,0,0,0,0,0,0,6375,6376,6376,6377,0,0,0,0,3750,166,166,166,166,3752,0,0,0,6375,6376,6376,6377,0,0,0,0,0,0,0,0,0,0,6375,6376,6376,6378,6252,0,0,0,166,166,166,166,3752,0,0,0,0,0,0,0,0,0,0,0,0,0,0,0,0,0,0,0,0,0,0,0,0,0,3750,166,166,166,166,3752,0,0,0,0,0,0,0,0,0,0,0,0,0,0,0,0,0,0,0,0,0,0,0,0,0,0,0,0
0,0,0,0,0,0,0,0,0,0,0,0,0,0,0,0,0,0,0,0,0,0,0,0,0,0,0,0,0,0,6375,6376,6376,6377,6375,6376,6376,6377,0,0,0,0,0,0,0,0,0,0,0,6375,6376,6376,6377,0,0,0,0,3750,166,166,166,166,3752,0,0,0,6375,6376,6376,6377,0,0,0,0,0,0,0,0,0,0,6375,6376,6376,6376,6378,6251,6251,6251,166,166,166,166,3752,0,0,0,0,0,0,0,0,0,0,0,0,0,0,0,0,0,0,0,0,0,0,0,0,0,3750,166,166,166,166,3752,0,0,0,0,0,0,0,0,0,0,0,0,0,0,0,0,0,0,0,0,0,0,0,0,0,0,0,0
0,0,0,0,0,0,0,0,0,0,0,0,0,0,0,0,0,0,0,0,0,0,0,0,0,0,0,0,0,0,6375,6376,6376,6377,6375,6376,6376,6377,0,0,0,0,0,0,0,0,0,0,0,6375,6376,6376,6378,6251,6251,6251,6251,6251,166,166,166,166,3752,0,0,0,6375,6376,6376,0,0,0,0,0,0,0,0,0,0,0,6500,6501,6254,6376,6376,6376,6376,6376,166,166,166,166,3752,0,0,0,0,6376,6376,6377,0,0,0,0,0,0,0,0,0,0,0,0,0,0,0,0,0,0,3750,166,166,166,166,3752,0,0,0,0,0,0,0,0,0,0,0,0,0,0,0,0,0,0,0,0,0,0,0,0,0,0,0,0
0,0,0,0,0,0,0,0,0,0,0,0,0,0,0,0,0,0,0,0,0,0,0,0,0,0,0,0,0,0,6375,6376,6376,6377,6375,6376,6376,6377,0,0,0,0,0,0,0,0,0,0,0,6375,6376,6376,6376,6376,6376,6376,6376,6376,166,166,166,166,6376,6376,6376,6376,6376,6376,6376,0,0,0,0,0,0,0,0,0,0,0,0,0,6500,6501,6501,6501,6501,6501,166,166,166,166,3752,0,0,0,6375,6376,6376,6377,0,0,0,0,0,0,0,0,0,0,0,0,0,0,0,0,0,0,3750,166,166,166,166,3752,0,0,0,0,0,0,0,0,0,0,0,0,0,0,0,0,0,0,0,0,0,0,0,0,0,0,0,0
0,0,0,0,0,0,0,0,0,0,0,0,0,0,0,0,0,0,0,0,0,0,0,0,0,0,0,0,0,0,6375,6376,6376,6377,6375,6376,6376,6377,0,0,0,0,0,0,0,0,0,0,0,6500,6501,6501,6501,6501,6501,6501,6501,6501,166,166,166,166,0,0,0,0,0,0,0,0,0,0,0,0,0,0,0,0,0,0,0,0,0,0,0,0,0,0,166,166,166,166,0,0,0,0,6375,6376,6376,6377,0,0,0,0,0,0,3626,3626,3626,3626,3626,3626,3626,3626,3626,3626,3626,3626,4126,166,166,166,166,4125,3626,3626,3626,3626,3626,3626,3626,3626,3626,3626,3626,3626,0,0,0,0,0,0,0,0,0,0,0,0,0,0,0,0
0,0,0,0,0,0,0,0,0,0,0,0,0,0,0,0,166,166,166,166,166,166,166,166,166,166,166,166,166,166,166,166,166,166,166,166,166,166,166,166,166,166,166,166,166,166,166,166,166,166,166,166,166,166,166,166,166,166,166,166,166,166,166,166,166,166,166,166,166,166,166,166,166,166,166,166,166,166,166,166,166,166,166,166,166,166,166,166,166,166,166,166,166,166,166,166,166,166,166,166,166,166,166,166,166,166,166,166,166,166,166,166,166,166,166,166,166,166,166,166,166,166,166,166,166,166,166,166,166,166,166,166,166,166,166,166,0,0,0,0,0,0,0,0,0,0,0,0,0,0,0,0
0,0,0,0,0,0,0,0,0,0,0,0,0,0,0,0,166,166,166,166,166,166,166,166,166,166,166,166,166,166,166,166,166,166,166,166,166,166,166,166,166,166,166,166,166,166,166,166,166,166,166,166,166,166,166,166,166,166,166,166,166,166,166,166,166,166,166,166,166,166,166,166,166,166,166,166,166,166,166,166,166,166,166,166,166,166,166,166,166,166,166,166,166,166,166,166,166,166,166,166,166,166,166,166,166,166,166,166,166,166,166,166,166,166,166,166,166,166,166,166,166,166,166,166,166,166,166,166,166,166,166,166,166,166,166,166,0,0,0,0,0,0,0,0,0,0,0,0,0,0,0,0
0,0,0,0,0,0,0,0,0,0,0,0,0,0,0,0,166,166,166,166,166,166,166,166,166,166,166,166,166,166,166,166,166,166,166,166,166,166,166,166,166,166,166,166,166,166,166,166,166,166,166,166,166,166,166,166,166,166,166,166,166,166,166,166,166,166,166,166,166,166,166,166,166,166,166,166,166,166,166,166,166,166,166,166,166,166,166,166,166,166,166,166,166,166,166,166,166,166,166,166,166,166,166,166,166,166,166,166,166,166,166,166,166,166,166,166,166,166,166,166,166,166,166,166,166,166,166,166,166,166,166,166,166,166,166,166,0,0,0,0,0,0,0,0,0,0,0,0,0,0,0,0
0,0,0,0,0,0,0,0,0,0,0,0,0,0,0,0,166,166,166,166,166,166,166,166,166,166,166,166,166,166,166,166,166,166,166,166,166,166,166,166,166,166,166,166,166,166,166,166,166,166,166,166,166,166,166,166,166,166,166,166,166,166,166,166,166,166,166,166,166,166,166,166,166,166,166,166,166,166,166,166,166,166,166,166,166,166,166,166,166,166,166,166,166,166,166,166,166,166,166,166,166,166,166,166,166,166,166,166,166,166,166,166,166,166,166,166,166,166,166,166,166,166,166,166,166,166,166,166,166,166,166,166,166,166,166,166,0,0,0,0,0,0,0,0,0,0,0,0,0,0,0,0
0,0,0,0,0,0,0,0,0,0,0,0,0,0,0,0,0,0,0,0,0,0,0,0,0,0,0,6375,6376,6376,6377,0,0,0,0,0,0,0,0,0,0,6375,6376,6376,6377,0,0,0,0,0,0,0,0,0,0,0,0,0,166,166,166,166,0,0,0,0,0,0,0,0,0,0,0,0,0,0,0,0,0,0,0,0,0,0,0,0,0,0,166,166,166,166,0,0,0,0,0,0,0,0,0,0,0,0,0,0,3876,3876,3876,3876,3876,3876,3876,3876,3876,3876,3876,3876,4001,166,166,166,166,4000,3876,3876,3876,3876,3876,3876,3876,3876,3876,3876,3876,3876,0,0,0,0,0,0,0,0,0,0,0,0,0,0,0,0
0,0,0,0,0,0,0,0,0,0,0,0,0,0,0,0,0,0,0,0,0,0,0,0,0,0,0,6375,6376,6376,6377,0,0,0,0,0,0,0,0,0,0,6375,6376,6376,6377,0,0,0,0,0,0,0,0,0,0,0,0,0,166,166,166,166,0,0,0,0,0,0,0,0,0,0,0,0,0,0,0,0,0,0,0,0,0,0,0,0,0,0,166,166,166,166,0,0,0,0,0,0,0,0,0,0,0,0,0,0,0,0,0,0,0,0,0,0,0,0,0,0,3750,166,166,166,166,3752,0,0,0,0,0,0,0,0,0,0,0,0,0,0,0,0,0,0,0,0,0,0,0,0,0,0,0,0
0,0,0,0,0,0,0,0,0,0,0,0,0,0,0,0,0,0,0,0,0,0,0,0,0,0,0,6375,6376,6376,6377,0,0,0,0,0,0,0,0,0,0,6375,6376,6376,6377,0,0,0,0,0,0,0,0,0,0,0,0,0,166,166,166,166,0,0,0,0,0,0,0,0,0,0,0,0,0,0,0,0,0,0,0,0,0,0,0,0,0,0,166,166,166,166,0,0,0,0,0,0,0,0,0,0,0,0,0,0,0,0,0,0,0,0,0,0,0,0,0,0,3750,166,166,166,166,3752,0,0,0,0,0,0,0,0,0,0,0,0,0,0,0,0,0,0,0,0,0,0,0,0,0,0,0,0
0,0,0,0,0,0,0,0,0,0,0,0,0,0,0,0,0,0,0,0,0,0,0,0,0,0,0,6375,6376,6376,6377,0,0,0,0,0,0,0,0,0,0,6375,6376,6376,6377,0,0,0,0,0,0,0,0,0,0,0,0,0,166,166,166,166,0,0,0,0,0,0,0,0,0,0,0,0,0,0,0,0,0,0,0,0,0,0,0,0,0,0,166,166,166,166,0,0,0,0,0,0,0,0,0,0,0,0,0,0,0,0,0,0,0,0,0,0,0,0,0,0,3750,166,166,166,166,3752,0,0,0,0,0,0,0,0,0,0,0,0,0,0,0,0,0,0,0,0,0,0,0,0,0,0,0,0
0,0,0,0,0,0,0,0,0,0,0,0,0,0,0,0,0,0,0,0,0,0,0,0,0,0,0,6375,6376,6376,6377,0,0,0,0,0,0,0,0,0,0,6375,6376,6376,6377,0,0,0,0,0,0,0,0,0,0,0,0,0,166,166,166,166,0,0,0,0,0,0,0,0,0,0,0,0,0,0,0,0,0,0,0,0,0,0,0,0,0,0,166,166,166,166,0,0,0,0,0,0,0,0,0,0,0,0,0,0,0,0,0,0,0,0,0,0,0,0,0,0,3750,166,166,166,166,3752,0,0,0,0,0,0,0,0,0,0,0,0,0,0,0,0,0,0,0,0,0,0,0,0,0,0,0,0
0,0,0,0,0,0,0,0,0,0,0,0,0,0,0,0,0,0,0,0,0,0,0,0,0,0,0,6375,6376,6376,6377,0,0,0,0,0,0,0,0,0,0,6375,6376,6376,6377,0,0,0,0,0,0,0,0,0,0,0,0,0,166,166,166,166,0,0,0,0,0,0,0,0,0,0,0,0,0,0,0,0,0,0,0,0,0,0,0,0,0,0,166,166,166,166,0,0,0,0,6375,6376,6376,6377,0,0,0,0,0,0,0,0,0,0,0,0,0,0,0,0,0,0,3750,166,166,166,166,3752,0,0,0,0,0,0,0,0,0,0,0,0,0,0,0,0,0,0,0,0,0,0,0,0,0,0,0,0
0,0,0,0,0,0,0,0,0,0,0,0,0,0,0,0,0,0,0,0,0,0,0,0,0,0,0,6375,6376,6376,6377,0,0,0,0,0,0,0,0,0,0,6375,6376,6376,6377,0,0,0,0,0,0,0,0,0,0,0,0,0,166,166,166,166,0,0,0,0,6375,6376,6376,6377,0,0,0,0,0,0,0,0,0,0,0,0,0,0,0,0,0,0,166,166,166,166,0,0,0,0,6375,6376,6376,6377,0,0,0,0,0,0,0,0,0,0,0,0,0,0,0,0,0,0,0,166,166,166,166,0,0,0,0,0,0,0,0,0,0,0,0,0,0,0,0,0,0,0,0,0,0,0,0,0,0,0,0,0
0,0,0,0,0,0,0,0,0,0,0,0,0,0,0,0,0,0,0,0,0,6375,6376,6376,6378,6251,6251,6379,6376,6376,6377,0,0,0,0,0,6375,6376,6376,6377,0,6375,6376,6376,6377,0,0,0,0,0,0,0,0,0,0,0,0,0,166,166,166,166,6251,6251,6251,6251,6379,6376,6376,6377,0,0,0,0,0,0,0,0,0,0,0,0,0,0,0,0,0,0,166,166,166,166,6251,6251,6251,6251,6379,6376,6376,6377,0,0,0,0,0,0,0,0,0,0,0,0,0,0,0,0,0,0,0,166,166,166,166,0,0,0,0,0,0,0,0,0,0,0,0,0,0,0,0,0,0,0,0,0,0,0,0,0,0,0,0,0
0,0,0,0,0,0,0,0,0,0,0,0,0,0,0,0,0,0,0,0,0,6375,6376,6376,6376,6376,6376,6376,6376,6376,6377,0,0,0,0,0,6375,6376,6376,6378,6251,6379,6376,6376,6377,0,0,0,0,0,0,0,0,0,0,0,0,0,166,166,166,166,6376,6376,6376,6376,6376,6376,6376,6377,0,0,0,0,0,0,0,0,0,0,0,0,0,0,0,0,0,0,166,166,166,166,6376,6376,6376,6376,6376,6376,6376,6377,0,0,0,0,0,0,0,0,0,0,0,0,0,0,0,0,0,0,0,166,166,166,166,0,0,0,0,0,0,0,0,0,0,0,0,0,0,0,0,0,0,0,0,0,0,0,0,0,0,0,0,0
0,0,0,0,0,0,0,0,0,0,0,0,0,0,0,0,0,0,0,0,0,6375,6376,6376,6376,6376,6376,6376,6376,6376,6377,0,0,0,0,0,6375,6376,6376,6376,6376,6376,6376,6376,6377,0,0,0,0,0,0,0,0,0,0,0,0,0,166,166,166,166,6501,6501,6501,6501,6501,6501,6501,0,0,0,0,0,0,0,0,0,0,0,0,0,0,0,0,0,0,0,166,166,166,166,6501,6501,6501,6501,6501,6501,6501,6502,0,0,0,0,0,0,0,0,0,0,0,0,0,0,0,0,0,0,0,166,166,166,166,0,0,0,0,0,0,0,0,0,0,0,0,0,0,0,0,0,0,0,0,0,0,0,0,0,0,0,0,0
0,0,0,0,0,0,0,0,0,0,0,0,0,0,0,0,0,0,0,0,0,6500,6501,6501,6501,6501,6501,6501,6501,6501,6502,0,0,0,0,0,6500,6501,6501,6501,6501,6501,6501,6501,6502,0,0,0,0,0,6375,6376,6376,6378,6251,6251,6251,6251,166,166,166,166,0,0,0,0,0,0,0,0,0,0,0,0,0,0,0,0,0,0,6375,6376,6376,6378,6251,6251,6251,6251,166,166,166,166,0,0,0,0,0,0,0,0,0,0,0,0,0,0,0,0,0,0,0,0,0,0,0,0,0,0,0,166,166,166,166,0,0,0,0,0,0,0,0,0,0,0,0,0,0,0,0,0,0,0,0,0,0,0,0,0,0,0,0,0
0,0,0,0,0,0,0,0,0,0,0,0,0,0,0,0,0,0,0,0,0,0,0,0,0,0,0,0,0,0,0,0,0,0,0,0,0,0,0,0,0,0,0,0,0,0,0,0,0,0,6375,6376,6376,6376,6376,6376,6376,6376,166,166,166,166,0,0,0,0,0,0,0,0,0,0,0,0,0,0,0,0,0,0,6375,6376,6376,6376,6376,6376,6376,6376,166,166,166,166,0,0,0,0,0,0,0,0,0,0,0,0,0,0,0,0,0,0,0,0,0,0,0,0,0,0,0,166,166,166,166,0,0,0,0,0,0,0,0,0,0,0,0,0,0,0,0,0,0,0,0,0,0,0,0,0,0,0,0,0
0,0,0,0,0,0,0,0,0,0,0,0,0,0,0,0,0,0,0,0,0,0,0,0,0,0,0,0,0,0,0,0,0,0,0,0,0,0,0,0,0,0,0,0,0,0,0,0,0,0,6500,6501,6501,6501,6501,6501,6501,6501,166,166,166,166,0,0,0,0,0,0,0,0,0,0,0,0,0,0,0,0,0,0,6500,6501,6501,6501,6501,6501,6501,6501,166,166,166,166,0,0,0,0,0,0,0,0,0,0,0,0,0,0,0,0,0,0,0,0,0,0,0,0,0,0,0,0,0,0,0,0,0,0,0,0,0,0,0,0,0,0,0,0,0,0,0,0,0,0,0,0,0,0,0,0,0,0,0,0
0,0,0,0,0,0,0,0,0,0,0,0,0,0,0,0,0,0,0,0,0,0,0,0,0,0,0,0,0,0,0,0,0,0,0,0,0,0,0,0,0,0,0,0,0,0,0,0,0,0,0,0,0,0,0,0,0,0,0,0,0,0,0,0,0,0,0,0,0,0,0,0,0,0,0,0,0,0,0,0,0,0,0,0,0,0,0,0,0,0,0,0,0,0,0,0,0,0,0,0,0,0,0,0,0,0,0,0,0,0,0,0,0,0,0,0,0,0,0,0,0,0,0,0,0,0,0,0,0,0,0,0,0,0,0,0,0,0,0,0,0,0,0,0,0,0,0,0,0,0,0,0
0,0,0,0,0,0,0,0,0,0,0,0,0,0,0,0,0,0,0,0,0,0,0,0,0,0,0,0,0,0,0,0,0,0,0,0,0,0,0,0,0,0,0,0,0,0,0,0,0,0,0,0,0,0,0,0,0,0,0,0,0,0,0,0,0,0,0,0,0,0,0,0,0,0,0,0,0,0,0,0,0,0,0,0,0,0,0,0,0,0,0,0,0,0,0,0,0,0,0,0,0,0,0,0,0,0,0,0,0,0,0,0,0,0,0,0,0,0,0,0,0,0,0,0,0,0,0,0,0,0,0,0,0,0,0,0,0,0,0,0,0,0,0,0,0,0,0,0,0,0,0,0
0,0,0,0,0,0,0,0,0,0,0,0,0,0,0,0,0,0,0,0,0,0,0,0,0,0,0,0,0,0,0,0,0,0,0,0,0,0,0,0,0,0,0,0,0,0,0,0,0,0,0,0,0,0,0,0,0,0,0,0,0,0,0,0,0,0,0,0,0,0,0,0,0,0,0,0,0,0,0,0,0,0,0,0,0,0,0,0,0,0,0,0,0,0,0,0,0,0,0,0,0,0,0,0,0,0,0,0,0,0,0,0,0,0,0,0,0,0,0,0,0,0,0,0,0,0,0,0,0,0,0,0,0,0,0,0,0,0,0,0,0,0,0,0,0,0,0,0,0,0,0,0
0,0,0,0,0,0,0,0,0,0,0,0,0,0,0,0,0,0,0,0,0,0,0,0,0,0,0,0,0,0,0,0,0,0,0,0,0,0,0,0,0,0,0,0,0,0,0,0,0,0,0,0,0,0,0,0,0,0,0,0,0,0,0,0,0,0,0,0,0,0,0,0,0,0,0,0,0,0,0,0,0,0,0,0,0,0,0,0,0,0,0,0,0,0,0,0,0,0,0,0,0,0,0,0,0,0,0,0,0,0,0,0,0,0,0,0,0,0,0,0,0,0,0,0,0,0,0,0,0,0,0,0,0,0,0,0,0,0,0,0,0,0,0,0,0,0,0,0,0,0,0,0
0,0,0,0,0,0,0,0,0,0,0,0,0,0,0,0,0,0,0,0,0,0,0,0,0,0,0,0,0,0,0,0,0,0,0,0,0,0,0,0,0,0,0,0,0,0,0,0,0,0,0,0,0,0,0,0,0,0,0,0,0,0,0,0,0,0,0,0,0,0,0,0,0,0,0,0,0,0,0,0,0,0,0,0,0,0,0,0,0,0,0,0,0,0,0,0,0,0,0,0,0,0,0,0,0,0,0,0,0,0,0,0,0,0,0,0,0,0,0,0,0,0,0,0,0,0,0,0,0,0,0,0,0,0,0,0,0,0,0,0,0,0,0,0,0,0,0,0,0,0,0,0
0,0,0,0,0,0,0,0,0,0,0,0,0,0,0,0,0,0,0,0,0,0,0,0,0,0,0,0,0,0,0,0,0,0,0,0,0,0,0,0,0,0,0,0,0,0,0,0,0,0,0,0,0,0,0,0,0,0,0,0,0,0,0,0,0,0,0,0,0,0,0,0,0,0,0,0,0,0,0,0,0,0,0,0,0,0,0,0,0,0,0,0,0,0,0,0,0,0,0,0,0,0,0,0,0,0,0,0,0,0,0,0,0,0,0,0,0,0,0,0,0,0,0,0,0,0,0,0,0,0,0,0,0,0,0,0,0,0,0,0,0,0,0,0,0,0,0,0,0,0,0,0
0,0,0,0,0,0,0,0,0,0,0,0,0,0,0,0,0,0,0,0,0,0,0,0,0,0,0,0,0,0,0,0,0,0,0,0,0,0,0,0,0,0,0,0,0,0,0,0,0,0,0,0,0,0,0,0,0,0,0,0,0,0,0,0,0,0,0,0,0,0,0,0,0,0,0,0,0,0,0,0,0,0,0,0,0,0,0,0,0,0,0,0,0,0,0,0,0,0,0,0,0,0,0,0,0,0,0,0,0,0,0,0,0,0,0,0,0,0,0,0,0,0,0,0,0,0,0,0,0,0,0,0,0,0,0,0,0,0,0,0,0,0,0,0,0,0,0,0,0,0,0,0
0,0,0,0,0,0,0,0,0,0,0,0,0,0,0,0,0,0,0,0,0,0,0,0,0,0,0,0,0,0,0,0,0,0,0,0,0,0,0,0,0,0,0,0,0,0,0,0,0,0,0,0,0,0,0,0,0,0,0,0,0,0,0,0,0,0,0,0,0,0,0,0,0,0,0,0,0,0,0,0,0,0,0,0,0,0,0,0,0,0,0,0,0,0,0,0,0,0,0,0,0,0,0,0,0,0,0,0,0,0,0,0,0,0,0,0,0,0,0,0,0,0,0,0,0,0,0,0,0,0,0,0,0,0,0,0,0,0,0,0,0,0,0,0,0,0,0,0,0,0,0,0
0,0,0,0,0,0,0,0,0,0,0,0,0,0,0,0,0,0,0,0,0,0,0,0,0,0,0,0,0,0,0,0,0,0,0,0,0,0,0,0,0,0,0,0,0,0,0,0,0,0,0,0,0,0,0,0,0,0,0,0,0,0,0,0,0,0,0,0,0,0,0,0,0,0,0,0,0,0,0,0,0,0,0,0,0,0,0,0,0,0,0,0,0,0,0,0,0,0,0,0,0,0,0,0,0,0,0,0,0,0,0,0,0,0,0,0,0,0,0,0,0,0,0,0,0,0,0,0,0,0,0,0,0,0,0,0,0,0,0,0,0,0,0,0,0,0,0,0,0,0,0,0
0,0,0,0,0,0,0,0,0,0,0,0,0,0,0,0,0,0,0,0,0,0,0,0,0,0,0,0,0,0,0,0,0,0,0,0,0,0,0,0,0,0,0,0,0,0,0,0,0,0,0,0,0,0,0,0,0,0,0,0,0,0,0,0,0,0,0,0,0,0,0,0,0,0,0,0,0,0,0,0,0,0,0,0,0,0,0,0,0,0,0,0,0,0,0,0,0,0,0,0,0,0,0,0,0,0,0,0,0,0,0,0,0,0,0,0,0,0,0,0,0,0,0,0,0,0,0,0,0,0,0,0,0,0,0,0,0,0,0,0,0,0,0,0,0,0,0,0,0,0,0,0
0,0,0,0,0,0,0,0,0,0,0,0,0,0,0,0,0,0,0,0,0,0,0,0,0,0,0,0,0,0,0,0,0,0,0,0,0,0,0,0,0,0,0,0,0,0,0,0,0,0,0,0,0,0,0,0,0,0,0,0,0,0,0,0,0,0,0,0,0,0,0,0,0,0,0,0,0,0,0,0,0,0,0,0,0,0,0,0,0,0,0,0,0,0,0,0,0,0,0,0,0,0,0,0,0,0,0,0,0,0,0,0,0,0,0,0,0,0,0,0,0,0,0,0,0,0,0,0,0,0,0,0,0,0,0,0,0,0,0,0,0,0,0,0,0,0,0,0,0,0,0,0
0,0,0,0,0,0,0,0,0,0,0,0,0,0,0,0,0,0,0,0,0,0,0,0,0,0,0,0,0,0,0,0,0,0,0,0,0,0,0,0,0,0,0,0,0,0,0,0,0,0,0,0,0,0,0,0,0,0,0,0,0,0,0,0,0,0,0,0,0,0,0,0,0,0,0,0,0,0,0,0,0,0,0,0,0,0,0,0,0,0,0,0,0,0,0,0,0,0,0,0,0,0,0,0,0,0,0,0,0,0,0,0,0,0,0,0,0,0,0,0,0,0,0,0,0,0,0,0,0,0,0,0,0,0,0,0,0,0,0,0,0,0,0,0,0,0,0,0,0,0,0,0
0,0,0,0,0,0,0,0,0,0,0,0,0,0,0,0,0,0,0,0,0,0,0,0,0,0,0,0,0,0,0,0,0,0,0,0,0,0,0,0,0,0,0,0,0,0,0,0,0,0,0,0,0,0,0,0,0,0,0,0,0,0,0,0,0,0,0,0,0,0,0,0,0,0,0,0,0,0,0,0,0,0,0,0,0,0,0,0,0,0,0,0,0,0,0,0,0,0,0,0,0,0,0,0,0,0,0,0,0,0,0,0,0,0,0,0,0,0,0,0,0,0,0,0,0,0,0,0,0,0,0,0,0,0,0,0,0,0,0,0,0,0,0,0,0,0,0,0,0,0,0,0
0,0,0,0,0,0,0,0,0,0,0,0,0,0,0,0,0,0,0,0,0,0,0,0,0,0,0,0,0,0,0,0,0,0,0,0,0,0,0,0,0,0,0,0,0,0,0,0,0,0,0,0,0,0,0,0,0,0,0,0,0,0,0,0,0,0,0,0,0,0,0,0,0,0,0,0,0,0,0,0,0,0,0,0,0,0,0,0,0,0,0,0,0,0,0,0,0,0,0,0,0,0,0,0,0,0,0,0,0,0,0,0,0,0,0,0,0,0,0,0,0,0,0,0,0,0,0,0,0,0,0,0,0,0,0,0,0,0,0,0,0,0,0,0,0,0,0,0,0,0,0,0
0,0,0,0,0,0,0,0,0,0,0,0,0,0,0,0,0,0,0,0,0,0,0,0,0,0,0,0,0,0,0,0,0,0,0,0,0,0,0,0,0,0,0,0,0,0,0,0,0,0,0,0,0,0,0,0,0,0,0,0,0,0,0,0,0,0,0,0,0,0,0,0,0,0,0,0,0,0,0,0,0,0,0,0,0,0,0,0,0,0,0,0,0,0,0,0,0,0,0,0,0,0,0,0,0,0,0,0,0,0,0,0,0,0,0,0,0,0,0,0,0,0,0,0,0,0,0,0,0,0,0,0,0,0,0,0,0,0,0,0,0,0,0,0,0,0,0,0,0,0,0,0
0,0,0,0,0,0,0,0,0,0,0,0,0,0,0,0,0,0,0,0,0,0,0,0,0,0,0,0,0,0,0,0,0,0,0,0,0,0,0,0,0,0,0,0,0,0,0,0,0,0,0,0,0,0,0,0,0,0,0,0,0,0,0,0,0,0,0,0,0,0,0,0,0,0,0,0,0,0,0,0,0,0,0,0,0,0,0,0,0,0,0,0,0,0,0,0,0,0,0,0,0,0,0,0,0,0,0,0,0,0,0,0,0,0,0,0,0,0,0,0,0,0,0,0,0,0,0,0,0,0,0,0,0,0,0,0,0,0,0,0,0,0,0,0,0,0,0,0,0,0,0,0