2005,2006,2005,2006,2005,2006,2005,2006,2005,2006,2005,2006,2005,2006,2005,2006,2005,2006,2005,2006,2005,2006,2005,2006,2005,2006,2005,2006,2005,2006,2005,2006,2005,2006,2005,2006,2005,2006,2005,2006,2005,2006,2005,2006,2005,2006,2005,2006,2005,2006,2005,2006,2005,2006,2005,2006,2005,2006,2005,2006,2005,2006,2005,2006,2005,2006,2005,2006,2005,2006,2005,2006,2005,2006,2005,2006,2005,2006,2005,2006,2005,2006,2005,2006,2005,2006,2005,2006,2005,2006,2005,2006,2005,2006,2005,2006,2005,2006,2005,2006,2005,2006,2005,2006,2005,2006,2005,2006,2005,2006,2005,2006,2005,2006,2005,2006,2005,2006,2005,2006,2005,2006,2005,2006,2005,2006,2005,2006,2005,2006,2005,2006,2005,2006,2005,2006,2005,2006,2005,2006,2005,2006,2005,2006,2005,2006,2005,2006,2005,2006,2005,2006
2130,2131,2130,2131,2130,2131,2130,2131,2130,2131,2130,2131,2130,2131,2130,2131,2130,2131,2130,2131,2130,2131,2130,2131,2130,2131,2130,2131,2130,2131,2130,2131,2130,2131,2130,2131,2130,2131,2130,2131,2130,2131,2130,2131,2130,2131,2130,2131,2130,2131,2130,2131,2130,2131,2130,2131,2130,2131,2130,2131,2130,2131,2130,2131,2130,2131,2130,2131,2130,2131,2130,2131,2130,2131,2130,2131,2130,2131,2130,2131,2130,2131,2130,2131,2130,2131,2130,2131,2130,2131,2130,2131,2130,2131,2130,2131,2130,2131,2130,2131,2130,2131,2130,2131,2130,2131,2130,2131,2130,2131,2130,2131,2130,2131,2130,2131,2130,2131,2130,2131,2130,2131,2130,2131,2130,2131,2130,2131,2130,2131,2130,2131,2130,2131,2130,2131,2130,2131,2130,2131,2130,2131,2130,2131,2130,2131,2130,2131,2130,2131,2130,2131
2005,2006,2005,2006,2005,2006,2005,2006,2005,2006,2005,2006,2005,2006,2005,2006,2005,2006,2005,2006,2005,2006,2005,2006,2005,2006,2005,2006,2005,2006,2005,2006,2005,2006,2005,2006,2005,2006,2005,2006,2005,2006,2005,2006,2005,2006,2005,2006,2005,2006,2005,2006,2005,2006,2005,2006,2005,2006,2005,2006,2005,2006,2005,2006,2005,2006,2005,2006,2005,2006,2005,2006,2005,2006,2005,2006,2005,2006,2005,2006,2005,2006,2005,2006,2005,2006,2005,2006,2005,2006,2005,2006,2005,2006,2005,2006,2005,2006,2005,2006,2005,2006,2005,2006,2005,2006,2005,2006,2005,2006,2005,2006,2005,2006,2005,2006,2005,2006,2005,2006,2005,2006,2005,2006,2005,2006,2005,2006,2005,2006,2005,2006,2005,2006,2005,2006,2005,2006,2005,2006,2005,2006,2005,2006,2005,2006,2005,2006,2005,2006,2005,2006
2130,2131,2130,2131,2130,2131,2130,2131,2130,2131,2130,2131,2130,2131,2130,2131,2130,2131,2130,2131,2130,2131,2130,2131,2130,2131,2130,2131,2130,2131,2130,2131,2130,2131,2130,2131,2130,2131,2130,2131,2130,2131,2130,2131,2130,2131,2130,2131,2130,2131,2130,2131,2130,2131,2130,2131,2130,2131,2130,2131,2130,2131,2130,2131,2130,2131,2130,2131,2130,2131,2130,2131,2130,2131,2130,2131,2130,2131,2130,2131,2130,2131,2130,2131,2130,2131,2130,2131,2130,2131,2130,2131,2130,2131,2130,2131,2130,2131,2130,2131,2130,2131,2130,2131,2130,2131,2130,2131,2130,2131,2130,2131,2130,2131,2130,2131,2130,2131,2130,2131,2130,2131,2130,2131,2130,2131,2130,2131,2130,2131,2130,2131,2130,2131,2130,2131,2130,2131,2130,2131,2130,2131,2130,2131,2130,2131,2130,2131,2130,2131,2130,2131
2005,2006,2005,2006,2005,2006,2005,2006,2005,2006,2005,2006,2005,2006,2005,2006,2005,2006,2005,2006,2005,2006,2005,2006,2005,2006,2005,2006,2005,2006,2005,2006,2005,2006,2005,2006,2005,2006,2005,2006,2005,2006,2005,2006,2005,2006,2005,2006,2005,2006,2005,2006,2005,2006,2005,2006,2005,2006,2005,2006,2005,2006,2005,2006,2005,2006,2005,2006,2005,2006,2005,2006,2005,2006,2005,2006,2005,2006,2005,2006,2005,2006,2005,2006,2005,2006,2005,2006,2005,2006,2005,2006,2005,2006,2005,2006,2005,2006,2005,2006,2005,2006,2005,2006,2005,2006,2005,2006,2005,2006,2005,2006,2005,2006,2005,2006,2005,2006,2005,2006,2005,2006,2005,2006,2005,2006,2005,2006,2005,2006,2005,2006,2005,2006,2005,2006,2005,2006,2005,2006,2005,2006,2005,2006,2005,2006,2005,2006,2005,2006,2005,2006
2130,2131,2130,2131,2130,2131,2130,2131,2130,2131,2130,2131,2130,2131,2130,2131,2130,2131,2130,2131,2130,2131,2130,2131,2130,2131,2130,2131,2130,2131,2130,2131,2130,2131,2130,2131,2130,2131,2130,2131,2130,2131,2130,2131,2130,2131,2130,2131,2130,2131,2130,2131,2130,2131,2130,2131,2130,2131,2130,2131,2130,2131,2130,2131,2130,2131,2130,2131,2130,2131,2130,2131,2130,2131,2130,2131,2130,2131,2130,2131,2130,2131,2130,2131,2130,2131,2130,2131,2130,2131,2130,2131,2130,2131,2130,2131,2130,2131,2130,2131,2130,2131,2130,2131,2130,2131,2130,2131,2130,2131,2130,2131,2130,2131,2130,2131,2130,2131,2130,2131,2130,2131,2130,2131,2130,2131,2130,2131,2130,2131,2130,2131,2130,2131,2130,2131,2130,2131,2130,2131,2130,2131,2130,2131,2130,2131,2130,2131,2130,2131,2130,2131
2005,2006,2005,2006,2005,2006,2005,2006,2005,2006,2005,2006,2005,2006,2005,2006,2005,2006,2005,2006,2005,2006,2005,2006,2005,2006,2005,2006,2005,2006,2005,2006,2005,2006,2005,2006,2005,2006,2005,2006,2005,2006,2005,2006,2005,2006,2005,2006,2005,2006,2005,2006,2005,2006,2005,2006,2005,2006,2005,2006,2005,2006,2005,2006,2005,2006,2005,2006,2005,2006,2005,2006,2005,2006,2005,2006,2005,2006,2005,2006,2005,2006,2005,2006,2005,2006,2005,2006,2005,2006,2005,2006,2005,2006,2005,2006,2005,2006,2005,2006,2005,2006,2005,2006,2005,2006,2005,2006,2005,2006,2005,2006,2005,2006,2005,2006,2005,2006,2005,2006,2005,2006,2005,2006,2005,2006,2005,2006,2005,2006,2005,2006,2005,2006,2005,2006,2005,2006,2005,2006,2005,2006,2005,2006,2005,2006,2005,2006,2005,2006,2005,2006
2130,2131,2130,2131,2130,2131,2130,2131,2130,2131,2130,2131,2130,2131,2130,2131,2130,2131,2130,2131,2130,2131,2130,2131,2130,2131,2130,2131,2130,2131,2130,2131,2130,2131,2130,2131,2130,2131,2130,2131,2130,2131,2130,2131,2130,2131,2130,2131,2130,2131,2130,2131,2130,2131,2130,2131,2130,2131,2130,2131,2130,2131,2130,2131,2130,2131,2130,2131,2130,2131,2130,2131,2130,2131,2130,2131,2130,2131,2130,2131,2130,2131,2130,2131,2130,2131,2130,2131,2130,2131,2130,2131,2130,2131,2130,2131,2130,2131,2130,2131,2130,2131,2130,2131,2130,2131,2130,2131,2130,2131,2130,2131,2130,2131,2130,2131,2130,2131,2130,2131,2130,2131,2130,2131,2130,2131,2130,2131,2130,2131,2130,2131,2130,2131,2130,2131,2130,2131,2130,2131,2130,2131,2130,2131,2130,2131,2130,2131,2130,2131,2130,2131
2005,2006,2005,2006,2005,2006,2005,2006,2005,2006,2005,2006,2005,2006,2005,2006,2005,2006,2005,2006,2005,2006,2005,2006,2005,2006,2005,2006,2005,2006,2005,2006,2005,2006,2005,2006,2005,2006,2005,2006,2005,2006,2005,2006,2005,2006,2005,2006,2005,2006,2005,2006,2005,2006,2005,2006,2005,2006,2005,2006,2005,2006,2005,2006,2005,2006,2005,2006,2005,2006,2005,2006,2005,2006,2005,2006,2005,2006,2005,2006,2005,2006,2005,2006,2005,2006,2005,2006,2005,2006,2005,2006,2005,2006,2005,2006,2005,2006,2005,2006,2005,2006,2005,2006,2005,2006,2005,2006,2005,2006,2005,2006,2005,2006,2005,2006,2005,2006,2005,2006,2005,2006,2005,2006,2005,2006,2005,2006,2005,2006,2005,2006,2005,2006,2005,2006,2005,2006,2005,2006,2005,2006,2005,2006,2005,2006,2005,2006,2005,2006,2005,2006
2130,2131,2130,2131,2130,2131,2130,2131,2130,2131,2130,2131,2130,2131,2130,2131,2130,2131,2130,2131,2130,2131,2130,2131,2130,2131,2130,2131,2130,2131,2130,2131,2130,2131,2130,2131,2130,2131,2130,2131,2130,2131,2130,2131,2130,2131,2130,2131,2130,2131,2130,2131,2130,2131,2130,2131,2130,2131,2130,2131,2130,2131,2130,2131,2130,2131,2130,2131,2130,2131,2130,2131,2130,2131,2130,2131,2130,2131,2130,2131,2130,2131,2130,2131,2130,2131,2130,2131,2130,2131,2130,2131,2130,2131,2130,2131,2130,2131,2130,2131,2130,2131,2130,2131,2130,2131,2130,2131,2130,2131,2130,2131,2130,2131,2130,2131,2130,2131,2130,2131,2130,2131,2130,2131,2130,2131,2130,2131,2130,2131,2130,2131,2130,2131,2130,2131,2130,2131,2130,2131,2130,2131,2130,2131,2130,2131,2130,2131,2130,2131,2130,2131
2005,2006,2005,2006,2005,2006,2005,2006,2005,2006,2005,2006,2005,2006,2005,2006,2005,2006,2005,2006,2005,2006,2005,2006,2005,2006,2005,2006,2005,2006,2005,2006,2005,2006,2005,2006,2005,2006,2005,2006,2005,2006,2005,2006,2005,2006,2005,2006,2005,2006,2005,2006,2005,2006,2005,2006,2005,2006,2005,2006,2005,2006,2005,2006,2005,2006,2005,2006,2005,2006,2005,2006,2005,2006,2005,2006,2005,2006,2005,2006,2005,2006,2005,2006,2005,2006,2005,2006,2005,2006,2005,2006,2005,2006,2005,2006,2005,2006,2005,2006,2005,2006,2005,2006,2005,2006,2005,2006,2005,2006,2005,2006,2005,2006,2005,2006,2005,2006,2005,2006,2005,2006,2005,2006,2005,2006,2005,2006,2005,2006,2005,2006,2005,2006,2005,2006,2005,2006,2005,2006,2005,2006,2005,2006,2005,2006,2005,2006,2005,2006,2005,2006
2130,2131,2130,2131,2130,2131,2130,2131,2130,2131,2130,2131,2130,2131,2130,2131,2130,2131,2130,2131,2130,2131,2130,2131,2130,2131,2130,2131,2130,2131,2130,2131,2130,2131,2130,2131,2130,2131,2130,2131,2130,2131,2130,2131,2130,2131,2130,2131,2130,2131,2130,2131,2130,2131,2130,2131,2130,2131,2130,2131,2130,2131,2130,2131,2130,2131,2130,2131,2130,2131,2130,2131,2130,2131,2130,2131,2130,2131,2130,2131,2130,2131,2130,2131,2130,2131,2130,2131,2130,2131,2130,2131,2130,2131,2130,2131,2130,2131,2130,2131,2130,2131,2130,2131,2130,2131,2130,2131,2130,2131,2130,2131,2130,2131,2130,2131,2130,2131,2130,2131,2130,2131,2130,2131,2130,2131,2130,2131,2130,2131,2130,2131,2130,2131,2130,2131,2130,2131,2130,2131,2130,2131,2130,2131,2130,2131,2130,2131,2130,2131,2130,2131
2005,2006,2005,2006,2005,2006,2005,2006,2005,2006,2005,2006,2005,2006,2005,2006,2005,2006,2005,2006,2005,2006,2005,2006,2005,2006,2005,2006,2005,2006,2005,2006,2005,2006,2005,2006,2005,2006,2005,2006,2005,2006,2005,2006,2005,2006,2005,2006,2005,2006,2005,2006,2005,2006,2005,2006,2005,2006,2005,2006,2005,2006,2005,2006,2005,2006,2005,2006,2005,2006,2005,2006,2005,2006,2005,2006,2005,2006,2005,2006,2005,2006,2005,2006,2005,2006,2005,2006,2005,2006,2005,2006,2005,2006,2005,2006,2005,2006,2005,2006,2005,2006,2005,2006,2005,2006,2005,2006,2005,2006,2005,2006,2005,2006,2005,2006,2005,2006,2005,2006,2005,2006,2005,2006,2005,2006,2005,2006,2005,2006,2005,2006,2005,2006,2005,2006,2005,2006,2005,2006,2005,2006,2005,2006,2005,2006,2005,2006,2005,2006,2005,2006
2130,2131,2130,2131,2130,2131,2130,2131,2130,2131,2130,2131,2130,2131,2130,2131,2130,2131,2130,2131,2130,2131,2130,2131,2130,2131,2130,2131,2130,2131,2130,2131,2130,2131,2130,2131,2130,2131,2130,2131,2130,2131,2130,2131,2130,2131,2130,2131,2130,2131,2130,2131,2130,2131,2130,2131,2130,2131,2130,2131,2130,2131,2130,2131,2130,2131,2130,2131,2130,2131,2130,2131,2130,2131,2130,2131,2130,2131,2130,2131,2130,2131,2130,2131,2130,2131,2130,2131,2130,2131,2130,2131,2130,2131,2130,2131,2130,2131,2130,2131,2130,2131,2130,2131,2130,2131,2130,2131,2130,2131,2130,2131,2130,2131,2130,2131,2130,2131,2130,2131,2130,2131,2130,2131,2130,2131,2130,2131,2130,2131,2130,2131,2130,2131,2130,2131,2130,2131,2130,2131,2130,2131,2130,2131,2130,2131,2130,2131,2130,2131,2130,2131
2005,2006,2005,2006,2005,2006,2005,2006,2005,2006,2005,2006,2005,2006,2005,2006,2005,2006,2005,2006,2005,2006,2005,2006,2005,2006,2005,2006,2005,2006,2005,2006,2005,2006,2005,2006,2005,2006,2005,2006,2005,2006,2005,2006,2005,2006,2005,2006,2005,2006,2005,2006,2005,2006,2005,2006,2005,2006,2005,2006,2005,2006,2005,2006,2005,2006,2005,2006,2005,2006,2005,2006,2005,2006,2005,2006,2005,2006,2005,2006,2005,2006,2005,2006,2005,2006,2005,2006,2005,2006,2005,2006,2005,2006,2005,2006,2005,2006,2005,2006,2005,2006,2005,2006,2005,2006,2005,2006,2005,2006,2005,2006,2005,2006,2005,2006,2005,2006,2005,2006,2005,2006,2005,2006,2005,2006,2005,2006,2005,2006,2005,2006,2005,2006,2005,2006,2005,2006,2005,2006,2005,2006,2005,2006,2005,2006,2005,2006,2005,2006,2005,2006
2130,2131,2130,2131,2130,2131,2130,2131,2130,2131,2130,2131,2130,2131,2130,2131,2130,2131,2130,2131,2130,2131,2130,2131,2130,2131,2130,2131,2130,2131,2130,2131,2130,2131,2130,2131,2130,2131,2130,2131,2130,2131,2130,2131,2130,2131,2130,2131,2130,2131,2130,2131,2130,2131,2130,2131,2130,2131,2130,2131,2130,2131,2130,2131,2130,2131,2130,2131,2130,2131,2130,2131,2130,2131,2130,2131,2130,2131,2130,2131,2130,2131,2130,2131,2130,2131,2130,2131,2130,2131,2130,2131,2130,2131,2130,2131,2130,2131,2130,2131,2130,2131,2130,2131,2130,2131,2130,2131,2130,2131,2130,2131,2130,2131,2130,2131,2130,2131,2130,2131,2130,2131,2130,2131,2130,2131,2130,2131,2130,2131,2130,2131,2130,2131,2130,2131,2130,2131,2130,2131,2130,2131,2130,2131,2130,2131,2130,2131,2130,2131,2130,2131
2005,2006,2005,2006,2005,2006,2005,2006,2005,2006,2005,2006,2005,2006,2005,2006,4377,4377,4377,4377,4377,4377,4377,4377,4377,4377,4377,4377,4377,4377,4377,4377,4377,4377,4377,4377,4377,4377,4377,4377,4377,4377,4377,4377,4377,4377,4377,4377,4377,4377,4377,4377,4377,4377,4377,4377,4377,4377,4377,4377,4377,4377,4377,4377,4377,4377,4377,4377,4377,4377,4377,4377,4377,4377,4377,4377,4377,4377,4377,4377,4377,4377,4377,4377,4377,4377,4377,4377,4377,4377,4377,4377,4377,4377,4377,4377,4377,4377,4377,4377,4377,4377,4377,4377,4377,4377,4377,4377,4377,4377,4377,4377,4377,4377,4377,4377,4377,4377,4377,4377,4377,4377,4377,4377,4377,4377,4377,4377,4377,4377,4377,4377,4377,4377,4377,4377,2005,2006,2005,2006,2005,2006,2005,2006,2005,2006,2005,2006,2005,2006,2005,2006
2130,2131,2130,2131,2130,2131,2130,2131,2130,2131,2130,2131,2130,2131,2130,2131,4377,-1,-1,-1,-1,-1,-1,-1,-1,-1,802,802,802,802,802,803,803,-1,-1,-1,-1,-1,-1,-1,-1,-1,-1,-1,-1,-1,2130,2131,2130,2131,2130,2131,2130,2131,2130,2131,2130,2131,5918,5919,5920,5921,2130,2131,2130,2131,2130,2131,2130,2131,2130,2131,2130,2131,2130,2131,2130,2131,2130,2131,2130,2131,2130,2131,2130,2131,2130,2131,5918,5919,5920,5921,2130,2131,2130,2131,2130,2131,2130,2131,2130,2131,2130,2131,2130,2131,-1,-1,-1,-1,-1,1145,1145,1146,1146,1271,1271,1271,1145,1146,1146,1271,-1,-1,-1,-1,-1,-1,-1,-1,-1,-1,-1,-1,-1,4377,2130,2131,2130,2131,2130,2131,2130,2131,2130,2131,2130,2131,2130,2131,2130,2131
2005,2006,2005,2006,2005,2006,2005,2006,2005,2006,2005,2006,2005,2006,2005,2006,4377,-1,-1,56,57,-1,-1,-1,-1,-1,802,802,802,802,802,803,803,-1,-1,-1,-1,-1,-1,-1,56,57,-1,-1,-1,-1,2005,2006,2005,2006,2005,2006,2005,2006,2005,2006,2005,2006,6043,6044,6045,6046,2005,2006,2005,2006,2005,2006,2005,2006,2005,2006,2005,2006,2005,2006,2005,2006,2005,2006,2005,2006,2005,2006,2005,2006,2005,2006,6043,6044,6045,6046,2005,2006,2005,2006,2005,2006,2005,2006,2005,2006,2005,2006,2005,2006,-1,-1,-1,-1,-1,1145,1145,1146,1271,1145,1145,1145,1270,1271,1271,1146,-1,-1,-1,-1,-1,-1,-1,-1,-1,-1,-1,-1,-1,4377,2005,2006,2005,2006,2005,2006,2005,2006,2005,2006,2005,2006,2005,2006,2005,2006
2130,2131,2130,2131,2130,2131,2130,2131,2130,2131,2130,2131,2130,2131,2130,2131,4377,-1,-1,58,59,-1,-1,-1,-1,-1,-1,5142,5142,5142,5142,5142,5142,-1,-1,-1,-1,-1,-1,-1,58,59,-1,-1,-1,-1,2130,2131,2130,2131,2130,2131,2130,2131,2130,2131,2130,2131,6168,6169,6170,6171,2130,2131,2130,2131,2130,2131,2130,2131,2130,2131,2130,2131,2130,2131,2130,2131,2130,2131,2130,2131,2130,2131,2130,2131,2130,2131,6168,6169,6170,6171,2130,2131,2130,2131,2130,2131,2130,2131,2130,2131,2130,2131,2130,2131,-1,-1,-1,-1,-1,1270,1145,1145,1145,1146,1270,1270,1145,1270,1271,1271,1146,1146,1146,-1,-1,-1,-1,-1,-1,-1,-1,-1,-1,4377,2130,2131,2130,2131,2130,2131,2130,2131,2130,2131,2130,2131,2130,2131,2130,2131
2005,2006,2005,2006,2005,2006,2005,2006,2005,2006,2005,2006,2005,2006,2005,2006,4377,-1,-1,-1,-1,-1,-1,-1,-1,-1,-1,5142,5142,5142,5142,5142,5142,-1,-1,-1,-1,-1,-1,-1,-1,-1,-1,-1,-1,-1,2005,2006,2005,2006,2005,2006,2005,2006,2005,2006,2005,2006,6293,6294,6295,6296,2005,2006,2005,2006,2005,2006,2005,2006,2005,2006,2005,2006,2005,2006,2005,2006,2005,2006,2005,2006,2005,2006,2005,2006,2005,2006,6293,6294,6295,6296,2005,2006,2005,2006,2005,2006,2005,2006,2005,2006,2005,2006,2005,2006,-1,-1,-1,-1,1145,1146,1270,1270,1145,1145,1145,1145,1270,1270,5263,5264,1271,1271,1271,-1,-1,-1,-1,-1,-1,-1,-1,-1,-1,4377,2005,2006,2005,2006,2005,2006,2005,2006,2005,2006,2005,2006,2005,2006,2005,2006
2130,2131,2130,2131,2130,2131,2130,2131,2130,2131,2130,2131,2130,2131,2130,2131,4377,-1,-1,-1,-1,-1,-1,-1,-1,-1,-1,5142,5142,5142,5142,5142,5142,-1,-1,-1,-1,-1,-1,-1,-1,-1,-1,-1,-1,-1,2130,2131,2130,2131,2130,2131,2130,2131,2130,2131,2130,2131,6418,6419,6420,6421,2130,2131,2130,2131,2130,2131,2130,2131,2130,2131,2130,2131,2130,2131,2130,2131,2130,2131,2130,2131,2130,2131,2130,2131,2130,2131,6418,6419,6420,6421,2130,2131,2130,2131,2130,2131,2130,2131,2130,2131,2130,2131,2130,2131,-1,-1,-1,-1,1145,1145,1145,1145,1270,1270,1270,1270,1270,1271,5263,5264,1270,1271,-1,-1,-1,-1,-1,-1,-1,-1,-1,-1,-1,4377,2130,2131,2130,2131,2130,2131,2130,2131,2130,2131,2130,2131,2130,2131,2130,2131
2005,2006,2005,2006,2005,2006,2005,2006,2005,2006,2005,2006,2005,2006,2005,2006,4377,-1,-1,752,753,753,753,753,753,754,1663,1663,5142,5142,5142,5142,5142,-1,-1,-1,6,7,8,9,10,2127,2129,2129,2129,2128,2005,2006,2005,2006,2005,2006,2005,2006,2005,2006,2005,2006,5142,5142,5142,5142,2005,2006,2005,2006,2005,2006,2005,2006,2005,2006,2005,2006,2005,2006,2005,2006,2005,2006,2005,2006,2005,2006,2005,2006,2005,2006,5142,5142,5142,5142,2005,2006,2005,2006,2005,2006,2005,2006,2005,2006,2005,2006,2005,2006,-1,-1,-1,-1,1270,1270,1270,1270,1270,1270,1270,1271,1270,1270,5388,5389,1271,1145,1146,1146,1146,1146,-1,-1,-1,-1,-1,-1,-1,4377,2005,2006,2005,2006,2005,2006,2005,2006,2005,2006,2005,2006,2005,2006,2005,2006
2130,2131,2130,2131,2130,2131,2130,2131,2130,2131,2130,2131,2130,2131,2130,2131,4377,129,130,877,878,878,878,878,878,879,1663,1663,5142,5142,5142,5142,5142,-1,-1,-1,131,132,133,134,135,2254,1000,1000,1000,2254,2130,2131,2130,2131,2130,2131,2130,2131,2130,2131,2130,2131,5142,5142,5142,5142,2130,2131,2130,2131,2130,2131,2130,2131,2130,2131,2130,2131,2130,2131,2130,2131,2130,2131,2130,2131,2130,2131,2130,2131,2130,2131,5142,5142,5142,5142,2130,2131,2130,2131,2130,2131,2130,2131,2130,2131,2130,2131,2130,2131,-1,-1,1145,1145,1145,1145,1270,1270,1270,1270,1270,1270,1270,1271,1270,1270,1270,1270,1271,1271,1271,1271,-1,-1,-1,-1,-1,-1,-1,4377,2130,2131,2130,2131,2130,2131,2130,2131,2130,2131,2130,2131,2130,2131,2130,2131
2005,2006,2005,2006,2005,2006,2005,2006,2005,2006,2005,2006,2005,2006,2005,2006,4377,254,255,877,3,878,878,878,878,879,1663,5142,5142,5142,5142,5142,5142,-1,-1,-1,256,257,258,259,260,2254,1000,1000,1000,2254,2005,2006,2005,2006,2005,2006,2005,2006,2005,2006,2005,2006,5142,5142,5142,5142,2005,2006,2005,2006,2005,2006,2005,2006,2005,2006,2005,2006,2005,2006,2005,2006,2005,2006,2005,2006,2005,2006,2005,2006,2005,2006,5142,5142,5142,5142,2005,2006,2005,2006,2005,2006,2005,2006,2005,2006,2005,2006,2005,2006,-1,-1,1145,1270,1270,1270,1270,1270,1270,1270,1270,1270,1270,1270,1270,1271,1270,1270,1270,1271,1146,1146,1146,-1,-1,-1,-1,-1,-1,4377,2005,2006,2005,2006,2005,2006,2005,2006,2005,2006,2005,2006,2005,2006,2005,2006
2130,2131,2130,2131,2130,2131,2130,2131,2130,2131,2130,2131,2130,2131,2130,2131,4377,1663,1663,877,878,878,878,878,878,879,1663,1663,1663,5142,5142,5142,5142,-1,183,-1,381,382,383,384,385,2254,1000,1000,1000,2254,2130,2131,2130,2131,2130,2131,2130,2131,2130,2131,2130,2131,5142,5142,5142,5142,2130,2131,2130,2131,2130,2131,2130,2131,2130,2131,2130,2131,2130,2131,2130,2131,2130,2131,2130,2131,2130,2131,2130,2131,2130,2131,5142,5142,5142,5142,2130,2131,2130,2131,2130,2131,2130,2131,2130,2131,2130,2131,2130,2131,-1,1145,1270,1145,1145,1270,1270,1270,1271,1271,3883,3884,1146,1146,1146,1146,1271,1271,3883,3884,1271,1271,1271,1146,-1,-1,5142,5142,5142,4377,2130,2131,2130,2131,2130,2131,2130,2131,2130,2131,2130,2131,2130,2131,2130,2131
2005,2006,2005,2006,2005,2006,2005,2006,2005,2006,2005,2006,2005,2006,2005,2006,4377,1663,1663,877,878,878,878,878,878,879,-1,5142,5142,5142,5142,5142,5142,5142,5142,5142,506,507,508,509,510,2252,2129,2129,2129,2253,2005,2006,2005,2006,2005,2006,2005,2006,2005,2006,2005,2006,5142,5142,5142,5142,2005,2006,2005,2006,2005,2006,2005,2006,2005,2006,2005,2006,2005,2006,2005,2006,2005,2006,2005,2006,2005,2006,2005,2006,2005,2006,5142,5142,5142,5142,2005,2006,2005,2006,2005,2006,2005,2006,2005,2006,2005,2006,2005,2006,-1,1145,1145,1270,1270,1270,1271,1271,1145,1145,4008,4009,1271,1271,1271,1271,5142,5142,4008,4009,5142,5142,5142,5142,5142,5142,5142,5142,5142,4377,2005,2006,2005,2006,2005,2006,2005,2006,2005,2006,2005,2006,2005,2006,2005,2006
2130,2131,2130,2131,2130,2131,2130,2131,2130,2131,2130,2131,2130,2131,2130,2131,4377,1663,1663,877,878,878,878,878,878,879,1663,1663,5142,5142,5142,5142,5142,5142,5142,5142,5142,5142,5142,-1,-1,3776,-1,-1,-1,-1,2130,2131,2130,2131,2130,2131,2130,2131,2130,2131,2130,2131,5142,5142,5142,5142,2130,2131,2130,2131,2130,2131,2130,2131,2130,2131,2130,2131,2130,2131,2130,2131,2130,2131,2130,2131,2130,2131,2130,2131,2130,2131,5142,5142,5142,5142,2130,2131,2130,2131,2130,2131,2130,2131,2130,2131,2130,2131,2130,2131,-1,1145,1270,1270,1270,1270,1270,1270,5142,5142,4133,4134,5142,1146,1146,5142,5142,5142,4133,4134,5142,5263,5263,5264,5264,5140,5142,5142,5142,4377,2130,2131,2130,2131,2130,2131,2130,2131,2130,2131,2130,2131,2130,2131,2130,2131
2005,2006,2005,2006,2005,2006,2005,2006,2005,2006,2005,2006,2005,2006,2005,2006,4377,1663,1663,1663,1663,1663,1663,1663,1663,1663,5142,1663,5142,5142,5142,5142,5142,5142,5142,5142,5142,5142,5142,-1,-1,-1,-1,-1,-1,-1,2005,2006,2005,2006,2005,2006,2005,2006,2005,2006,2005,2006,5142,5142,5142,5142,2005,2006,2005,2006,2005,2006,2005,2006,2005,2006,2005,2006,2005,2006,2005,2006,2005,2006,2005,2006,2005,2006,2005,2006,2005,2006,5142,5142,5142,5142,2005,2006,2005,2006,2005,2006,2005,2006,2005,2006,2005,2006,2005,2006,-1,1270,5263,5263,5263,5264,5264,5264,5142,5142,5142,5142,5142,3650,3650,3650,3650,3650,3650,3650,3650,5388,5263,5264,5264,5264,3650,3651,3652,4377,2005,2006,2005,2006,2005,2006,2005,2006,2005,2006,2005,2006,2005,2006,2005,2006
2130,2131,2130,2131,2130,2131,2130,2131,2130,2131,2130,2131,2130,2131,2130,2131,4377,1663,1663,877,878,878,878,878,878,879,1663,1663,1663,5142,5142,5142,5142,5142,5142,5142,5142,5142,5142,5142,5142,5142,-1,-1,-1,-1,2130,2131,2130,2131,2130,2131,2130,2131,2130,2131,2130,2131,5142,5142,5142,5142,2130,2131,2130,2131,2130,2131,2130,2131,2130,2131,2130,2131,2130,2131,2130,2131,2130,2131,2130,2131,2130,2131,2130,2131,2130,2131,5142,5142,5142,5142,2130,2131,2130,2131,2130,2131,2130,2131,2130,2131,2130,2131,2130,2131,-1,-1,5388,5388,5388,5389,5389,5389,5142,5142,5142,5142,5142,3775,3775,3775,3775,3775,3775,3775,3775,3775,5388,5389,5389,5264,3775,3776,3777,4377,2130,2131,2130,2131,2130,2131,2130,2131,2130,2131,2130,2131,2130,2131,2130,2131
2005,2006,2005,2006,2005,2006,2005,2006,2005,2006,2005,2006,2005,2006,2005,2006,4377,1663,1663,877,878,878,878,878,878,879,1663,1663,1663,5142,5142,5142,5142,5142,5142,5142,5142,5142,5142,5142,5142,5142,-1,-1,-1,-1,2005,2006,2005,2006,2005,2006,2005,2006,2005,2006,2005,2006,5142,5142,5142,5142,2005,2006,2005,2006,2005,2006,2005,2006,2005,2006,2005,2006,2005,2006,2005,2006,2005,2006,2005,2006,2005,2006,2005,2006,2005,2006,5142,5142,5142,5142,2005,2006,2005,2006,2005,2006,2005,2006,2005,2006,2005,2006,2005,2006,-1,-1,1270,5142,5142,5142,5142,5142,5142,5142,3883,3884,5142,5142,5142,5142,5142,5142,3883,3884,5142,5142,5388,5388,5389,5389,5142,5142,5142,4377,2005,2006,2005,2006,2005,2006,2005,2006,2005,2006,2005,2006,2005,2006,2005,2006
2130,2131,2130,2131,2130,2131,2130,2131,2130,2131,2130,2131,2130,2131,2130,2131,4377,-1,1663,877,878,878,878,878,878,879,1663,1663,5142,5142,5142,5142,5142,5142,5142,-1,-1,-1,-1,-1,-1,-1,-1,-1,-1,-1,2130,2131,2130,2131,2130,2131,2130,2131,2130,2131,2130,2131,5142,5142,5142,5142,2130,2131,2130,2131,2130,2131,2130,2131,2130,2131,2130,2131,2130,2131,2130,2131,2130,2131,2130,2131,2130,2131,2130,2131,2130,2131,5142,5142,5142,5142,2130,2131,2130,2131,2130,2131,2130,2131,2130,2131,2130,2131,2130,2131,-1,-1,-1,5142,5142,5142,5142,5142,5142,5142,4008,4009,5142,5142,5142,5142,5142,5142,4008,4009,5142,5142,1913,1913,1914,5142,5142,-1,-1,4377,2130,2131,2130,2131,2130,2131,2130,2131,2130,2131,2130,2131,2130,2131,2130,2131
2005,2006,2005,2006,2005,2006,2005,2006,2005,2006,2005,2006,2005,2006,2005,2006,4377,-1,1663,877,878,3,878,878,878,879,1663,5142,5142,5142,5142,5142,5142,5142,5142,5142,5142,-1,-1,-1,-1,-1,-1,-1,-1,-1,2005,2006,2005,2006,2005,2006,2005,2006,2005,2006,2005,2006,5142,5142,5142,5142,2005,2006,2005,2006,2005,2006,2005,2006,2005,2006,2005,2006,2005,2006,2005,2006,2005,2006,2005,2006,2005,2006,2005,2006,2005,2006,5142,5142,5142,5142,2005,2006,2005,2006,2005,2006,2005,2006,2005,2006,2005,2006,2005,2006,-1,-1,-1,5142,5142,5142,5142,5142,5142,5142,4133,4134,5142,5142,5142,5142,5142,5142,4133,4134,5142,3650,3650,1913,1914,3650,3650,3651,3652,4377,2005,2006,2005,2006,2005,2006,2005,2006,2005,2006,2005,2006,2005,2006,2005,2006
2130,2131,2130,2131,2130,2131,2130,2131,2130,2131,2130,2131,2130,2131,2130,2131,4377,-1,-1,877,878,878,878,878,878,879,-1,5142,5142,5142,5142,5142,5142,5142,5142,5142,5142,5142,5142,5142,5142,5142,-1,-1,-1,-1,2130,2131,2130,2131,2130,2131,2130,2131,2130,2131,2130,2131,5142,5142,5142,5142,2130,2131,2130,2131,2130,2131,2130,2131,2130,2131,2130,2131,2130,2131,2130,2131,2130,2131,2130,2131,2130,2131,2130,2131,2130,2131,5142,5142,5142,5142,2130,2131,2130,2131,2130,2131,2130,2131,2130,2131,2130,2131,2130,2131,-1,-1,5142,5142,5142,5263,5264,3650,3650,3650,3650,3650,3650,3650,3650,3650,3650,3650,3650,3650,3650,3775,3775,1913,1914,3651,3652,3652,3652,4377,2130,2131,2130,2131,2130,2131,2130,2131,2130,2131,2130,2131,2130,2131,2130,2131
2005,2006,2005,2006,2005,2006,2005,2006,2005,2006,2005,2006,2005,2006,2005,2006,4377,4391,1663,129,130,1003,1003,1003,1003,1004,129,130,5142,5142,5142,5142,5142,5142,5142,5142,5142,5142,5142,5142,5142,5142,5142,5142,5142,5142,2005,2006,2005,2006,2005,2006,2005,2006,2005,2006,2005,2006,5142,5142,5142,5142,2005,2006,2005,2006,2005,2006,2005,2006,2005,2006,2005,2006,2005,2006,2005,2006,2005,2006,2005,2006,2005,2006,2005,2006,2005,2006,5142,5142,5142,5142,2005,2006,2005,2006,2005,2006,2005,2006,2005,2006,2005,2006,2005,2006,-1,-1,5142,5142,5263,5264,5264,3775,3775,3775,3775,3775,3775,3775,3775,3775,3775,3775,3775,3775,3775,1913,1914,1913,1914,1913,1913,1914,3777,4377,2005,2006,2005,2006,2005,2006,2005,2006,2005,2006,2005,2006,2005,2006,2005,2006
2130,2131,2130,2131,2130,2131,2130,2131,2130,2131,2130,2131,2130,2131,2130,2131,4377,5263,5264,254,255,-1,653,654,655,1663,254,255,5142,5142,5142,5142,5142,5142,5142,5142,5142,5142,5142,5142,5142,5142,5142,5142,5142,5142,2130,2131,2130,2131,2130,2131,2130,2131,2130,2131,2130,2131,5142,5142,5142,5142,2130,2131,2130,2131,2130,2131,2130,2131,2130,2131,2130,2131,2130,2131,2130,2131,2130,2131,2130,2131,2130,2131,2130,2131,2130,2131,5142,5142,5142,5142,2130,2131,2130,2131,2130,2131,2130,2131,2130,2131,2130,2131,2130,2131,-1,-1,5142,5142,5388,5389,5389,5142,5142,5142,3883,3884,5142,5142,5142,5142,5142,5142,3883,3884,5142,1913,1913,1913,1914,1914,1913,1914,5142,4377,2130,2131,2130,2131,2130,2131,2130,2131,2130,2131,2130,2131,2130,2131,2130,2131
2005,2006,2005,2006,2005,2006,2005,2006,2005,2006,2005,2006,2005,2006,2005,2006,4377,5388,5389,5142,5142,5142,5142,5142,5142,5142,5142,5142,5142,5142,5142,5142,5142,5142,5142,5142,5142,5142,5142,5142,5142,5142,5142,5142,5142,5142,5142,5142,5142,5142,5142,5142,5142,5142,5142,5142,5142,5142,5142,406,407,5142,5142,5142,5142,5142,5142,5142,5142,5142,5142,5142,5142,5142,5142,5142,5142,5142,5142,5142,5142,5142,5142,5142,5142,5142,5142,5142,5142,406,407,5142,5142,5142,5142,5142,5142,5142,5142,5142,5142,5142,2005,2006,2005,2006,6035,6036,5142,5142,5142,5142,5142,5142,5142,5142,4008,4009,5142,5142,5142,5142,5142,5142,4008,4009,5142,5142,1913,1913,1913,1914,1914,1914,5142,4377,2005,2006,2005,2006,2005,2006,2005,2006,2005,2006,2005,2006,2005,2006,2005,2006
2130,2131,2130,2131,2130,2131,2130,2131,2130,2131,2130,2131,2130,2131,2130,2131,4377,5263,5264,5142,5142,5142,5142,5142,5142,5142,5142,5142,5142,5142,5142,5142,5142,5142,5142,5142,5142,5142,5142,5142,5142,5142,5142,5142,5142,5142,5142,5142,5142,5142,5142,5142,5142,5142,5142,5142,5142,5142,5142,531,532,5142,5142,5142,5142,5142,5142,5142,5142,5142,5142,5142,5142,5142,5142,5142,5142,5142,5142,5142,5142,5142,5142,5142,5142,5142,5142,5142,5142,531,532,5142,5142,5142,5142,5142,5142,5142,5142,5142,5142,5142,2130,2131,2130,2131,6160,6161,5142,5142,5142,5142,5142,5142,5142,5142,4133,4134,5142,5142,5142,5142,5142,5142,4133,4134,5142,5142,1913,1913,1913,1914,1914,1914,5142,4377,2130,2131,2130,2131,2130,2131,2130,2131,2130,2131,2130,2131,2130,2131,2130,2131
2005,2006,2005,2006,2005,2006,2005,2006,2005,2006,2005,2006,2005,2006,2005,2006,4377,5388,5389,5142,5142,5142,5142,5142,5142,5142,5142,5142,5142,5142,5142,5142,5142,5142,5142,5142,5142,5142,5142,5142,-1,5142,5142,5142,5142,5142,2005,2006,2005,2006,2005,2006,2005,2006,2005,2006,2005,2006,5142,5142,5142,5142,2005,2006,2005,2006,2005,2006,2005,2006,2005,2006,2005,2006,2005,2006,2005,2006,2005,2006,2005,2006,2005,2006,2005,2006,2005,2006,5142,5142,5142,5142,2005,2006,2005,2006,2005,2006,2005,2006,2005,2006,2005,2006,2005,2006,6285,6286,5142,5142,5142,5142,5142,3650,3650,3650,3650,3650,3650,3650,3650,3651,3652,5142,3650,3650,3650,3650,3650,3650,1913,1914,1913,1914,3652,4377,2005,2006,2005,2006,2005,2006,2005,2006,2005,2006,2005,2006,2005,2006,2005,2006
2130,2131,2130,2131,2130,2131,2130,2131,2130,2131,2130,2131,2130,2131,2130,2131,4377,3399,-1,-1,-1,-1,-1,-1,-1,-1,-1,5142,5142,5142,5142,-1,-1,-1,56,57,5142,5142,-1,-1,-1,-1,-1,-1,-1,-1,2130,2131,2130,2131,2130,2131,2130,2131,2130,2131,2130,2131,5142,5142,5142,5142,2130,2131,2130,2131,2130,2131,2130,2131,2130,2131,2130,2131,2130,2131,2130,2131,2130,2131,2130,2131,2130,2131,2130,2131,2130,2131,5142,5142,5142,5142,2130,2131,2130,2131,2130,2131,2130,2131,2130,2131,2130,2131,2130,2131,-1,-1,-1,5142,5142,5142,5142,3775,3775,3775,3775,3775,3775,3775,3650,3650,3650,3650,3775,3775,3775,3775,3775,3775,3775,3775,3775,3776,3777,4377,2130,2131,2130,2131,2130,2131,2130,2131,2130,2131,2130,2131,2130,2131,2130,2131
2005,2006,2005,2006,2005,2006,2005,2006,2005,2006,2005,2006,2005,2006,2005,2006,4377,-1,-1,-1,-1,-1,-1,-1,-1,-1,-1,-1,-1,-1,-1,-1,-1,-1,58,59,-1,-1,-1,-1,-1,-1,-1,-1,-1,-1,2005,2006,2005,2006,2005,2006,2005,2006,2005,2006,2005,2006,5142,5142,5142,5142,2005,2006,2005,2006,2005,2006,2005,2006,2005,2006,2005,2006,2005,2006,2005,2006,2005,2006,2005,2006,2005,2006,2005,2006,2005,2006,5142,5142,5142,5142,2005,2006,2005,2006,2005,2006,2005,2006,2005,2006,2005,2006,2005,2006,-1,-1,-1,-1,-1,5142,5142,5142,5142,5142,3883,3884,5142,5142,3775,3775,3775,3775,3883,3884,3777,5142,5142,5142,5142,5142,5142,5142,5142,4377,2005,2006,2005,2006,2005,2006,2005,2006,2005,2006,2005,2006,2005,2006,2005,2006
2130,2131,2130,2131,2130,2131,2130,2131,2130,2131,2130,2131,2130,2131,2130,2131,4377,-1,-1,-1,-1,56,57,-1,-1,-1,683,684,-1,-1,-1,-1,-1,-1,-1,-1,-1,-1,-1,-1,-1,-1,-1,-1,-1,-1,2130,2131,2130,2131,2130,2131,2130,2131,2130,2131,2130,2131,5142,5142,5142,5142,2130,2131,2130,2131,2130,2131,2130,2131,2130,2131,2130,2131,2130,2131,2130,2131,2130,2131,2130,2131,2130,2131,2130,2131,2130,2131,5142,5142,5142,5142,2130,2131,2130,2131,2130,2131,2130,2131,2130,2131,2130,2131,2130,2131,-1,-1,-1,-1,-1,5142,5142,5142,5142,5142,4008,4009,5142,5142,6161,6162,6163,5142,4008,4009,5142,5142,5142,5142,5142,5142,5142,5142,5142,4377,2130,2131,2130,2131,2130,2131,2130,2131,2130,2131,2130,2131,2130,2131,2130,2131
2005,2006,2005,2006,2005,2006,2005,2006,2005,2006,2005,2006,2005,2006,2005,2006,4377,3399,-1,-1,-1,58,59,-1,-1,-1,808,809,-1,-1,-1,-1,-1,-1,-1,-1,-1,-1,56,57,-1,-1,-1,-1,-1,-1,2005,2006,2005,2006,2005,2006,2005,2006,2005,2006,2005,2006,5142,5142,5142,5142,2005,2006,2005,2006,2005,2006,2005,2006,2005,2006,2005,2006,2005,2006,2005,2006,2005,2006,2005,2006,2005,2006,2005,2006,2005,2006,5142,5142,5142,5142,2005,2006,2005,2006,2005,2006,2005,2006,2005,2006,2005,2006,2005,2006,-1,-1,-1,-1,-1,5142,5142,5142,5142,4161,4133,4134,6035,6285,6286,6287,6288,5142,4133,4134,5142,5142,5142,5142,5142,5142,5142,5142,-1,4377,2005,2006,2005,2006,2005,2006,2005,2006,2005,2006,2005,2006,2005,2006,2005,2006
2130,2131,2130,2131,2130,2131,2130,2131,2130,2131,2130,2131,2130,2131,2130,2131,4377,3399,3399,-1,-1,-1,-1,-1,-1,-1,-1,-1,181,182,-1,-1,-1,-1,-1,-1,-1,-1,58,59,-1,-1,-1,-1,-1,-1,2130,2131,2130,2131,2130,2131,2130,2131,2130,2131,2130,2131,5142,5142,5142,5142,2130,2131,2130,2131,2130,2131,2130,2131,2130,2131,2130,2131,2130,2131,2130,2131,2130,2131,2130,2131,2130,2131,2130,2131,2130,2131,5142,5142,5142,5142,2130,2131,2130,2131,2130,2131,2130,2131,2130,2131,2130,2131,2130,2131,-1,-1,-1,-1,-1,-1,4034,4034,4034,4034,4034,4034,4034,4034,4034,4034,4034,4034,4034,4034,4034,4034,4034,4034,4034,4034,4034,4034,4034,4377,2130,2131,2130,2131,2130,2131,2130,2131,2130,2131,2130,2131,2130,2131,2130,2131
2005,2006,2005,2006,2005,2006,2005,2006,2005,2006,2005,2006,2005,2006,2005,2006,4377,3399,3399,-1,-1,-1,-1,-1,-1,-1,-1,-1,58,59,-1,-1,-1,-1,-1,-1,-1,-1,-1,-1,-1,-1,-1,-1,-1,-1,2005,2006,2005,2006,2005,2006,2005,2006,2005,2006,2005,2006,5142,5142,5142,5142,2005,2006,2005,2006,2005,2006,2005,2006,2005,2006,2005,2006,2005,2006,2005,2006,2005,2006,2005,2006,2005,2006,2005,2006,2005,2006,5142,5142,5142,5142,2005,2006,2005,2006,2005,2006,2005,2006,2005,2006,2005,2006,2005,2006,-1,-1,-1,-1,-1,-1,2625,2626,2627,3778,3778,3778,3778,3653,3653,3653,3653,3651,3652,3653,2020,2625,2626,2627,4159,4159,4159,4159,4159,4377,2005,2006,2005,2006,2005,2006,2005,2006,2005,2006,2005,2006,2005,2006,2005,2006
2130,2131,2130,2131,2130,2131,2130,2131,2130,2131,2130,2131,2130,2131,2130,2131,4377,-1,-1,-1,-1,-1,5282,5282,5282,5282,5282,5282,5282,5282,5282,5282,5282,5282,5282,5282,5282,5282,5282,5282,5282,-1,-1,-1,-1,-1,2130,2131,2130,2131,2130,2131,2130,2131,2130,2131,2130,2131,5142,5142,5142,5142,2130,2131,2130,2131,2130,2131,2130,2131,2130,2131,2130,2131,2130,2131,2130,2131,2130,2131,2130,2131,2130,2131,2130,2131,2130,2131,5142,5142,5142,5142,2130,2131,2130,2131,2130,2131,2130,2131,2130,2131,2130,2131,2130,2131,-1,-1,-1,-1,-1,-1,2750,2751,2752,23,23,23,23,4270,4271,4272,4273,23,23,23,23,2750,2751,2752,4284,4284,4284,4284,4284,4377,2130,2131,2130,2131,2130,2131,2130,2131,2130,2131,2130,2131,2130,2131,2130,2131
2005,2006,2005,2006,2005,2006,2005,2006,2005,2006,2005,2006,2005,2006,2005,2006,4377,10188,10189,10190,10191,10192,5282,5282,5282,5282,5927,5928,5929,5930,5282,5282,5282,10418,10419,10420,10421,10422,5282,5282,5927,5928,5929,5930,5282,5282,2005,2006,2005,2006,2005,2006,2005,2006,2005,2006,2005,2006,5142,5142,5142,5142,2005,2006,2005,2006,2005,2006,2005,2006,2005,2006,2005,2006,2005,2006,2005,2006,2005,2006,2005,2006,2005,2006,2005,2006,2005,2006,5142,5142,5142,5142,2005,2006,2005,2006,2005,2006,2005,2006,2005,2006,2005,2006,2005,2006,4377,4377,4377,4377,4377,4377,2875,2876,2877,273,273,273,273,4395,1312,4397,4398,273,273,273,273,2875,2876,2877,4377,4377,4377,4377,4377,4377,2005,2006,2005,2006,2005,2006,2005,2006,2005,2006,2005,2006,2005,2006,2005,2006
2130,2131,2130,2131,2130,2131,2130,2131,2130,2131,2130,2131,2130,2131,2130,2131,4377,10313,10314,10315,10316,10317,5282,5282,5282,5282,6052,6053,6054,6055,5282,5282,5282,10543,10544,10545,10546,10547,5282,5282,6052,6053,6054,6055,5282,5282,2130,2131,2130,2131,2130,2131,2130,2131,2130,2131,2130,2131,5142,5142,5142,5142,2130,2131,2130,2131,2130,2131,2130,2131,2130,2131,2130,2131,2130,2131,2130,2131,2130,2131,2130,2131,2130,2131,2130,2131,2130,2131,5142,5142,5142,5142,2130,2131,2130,2131,2130,2131,2130,2131,2130,2131,2130,2131,2130,2131,-1,-1,-1,-1,-1,-1,3000,3001,3002,398,398,398,398,398,398,398,398,398,398,398,398,3000,3001,3002,-1,-1,-1,-1,3131,4377,2130,2131,2130,2131,2130,2131,2130,2131,2130,2131,2130,2131,2130,2131,2130,2131
2005,2006,2005,2006,2005,2006,2005,2006,2005,2006,2005,2006,2005,2006,2005,2006,4377,10438,10439,10440,10441,10442,5282,5282,5282,5282,6177,6178,6179,6180,5282,5282,5282,10668,10669,10670,10671,10672,5282,5282,6177,6178,6179,6180,5282,5282,2005,2006,2005,2006,2005,2006,2005,2006,2005,2006,2005,2006,5142,5142,5142,5142,2005,2006,2005,2006,2005,2006,2005,2006,2005,2006,2005,2006,2005,2006,2005,2006,2005,2006,2005,2006,2005,2006,2005,2006,2005,2006,5142,5142,5142,5142,2005,2006,2005,2006,2005,2006,2005,2006,2005,2006,2005,2006,2005,2006,-1,-1,-1,-1,-1,-1,3125,3126,3127,523,2513,2514,523,523,2662,2662,523,523,2513,2514,523,3125,3126,3127,-1,-1,-1,-1,-1,4377,2005,2006,2005,2006,2005,2006,2005,2006,2005,2006,2005,2006,2005,2006,2005,2006
2130,2131,2130,2131,2130,2131,2130,2131,2130,2131,2130,2131,2130,2131,2130,2131,4377,10563,10564,10565,10566,10567,5282,5282,5282,5282,6302,6303,6304,6305,5282,5282,5282,10793,10794,10795,10796,10797,5282,5282,6302,6303,6304,6305,5282,5282,2130,2131,2130,2131,2130,2131,2130,2131,2130,2131,2130,2131,5142,5142,5142,5142,2130,2131,2130,2131,2130,2131,2130,2131,2130,2131,2130,2131,2130,2131,2130,2131,2130,2131,2130,2131,2130,2131,2130,2131,2130,2131,5142,5142,5142,5142,2130,2131,2130,2131,2130,2131,2130,2131,2130,2131,2130,2131,2130,2131,-1,-1,-1,-1,-1,-1,3250,3251,3252,523,2638,2639,523,523,2662,2662,523,523,2638,2639,523,3250,3251,3252,-1,-1,-1,-1,-1,4377,2130,2131,2130,2131,2130,2131,2130,2131,2130,2131,2130,2131,2130,2131,2130,2131
2005,2006,2005,2006,2005,2006,2005,2006,2005,2006,2005,2006,2005,2006,2005,2006,4377,10688,10689,10690,10691,10692,5282,5282,5282,5282,6427,6428,6429,6430,5282,5282,5282,10918,10919,10920,10921,10922,5282,5282,6427,6428,6429,6430,5282,5282,2005,2006,2005,2006,2005,2006,2005,2006,2005,2006,2005,2006,5142,5142,5142,5142,2005,2006,2005,2006,2005,2006,2005,2006,2005,2006,2005,2006,2005,2006,2005,2006,2005,2006,2005,2006,2005,2006,2005,2006,2005,2006,5142,5142,5142,5142,2005,2006,2005,2006,2005,2006,2005,2006,2005,2006,2005,2006,2005,2006,-1,-1,-1,-1,-1,-1,3375,3376,3377,3651,3651,3651,3651,3651,3651,3651,3776,3776,3777,3778,2020,3375,3376,3377,-1,-1,-1,-1,-1,4377,2005,2006,2005,2006,2005,2006,2005,2006,2005,2006,2005,2006,2005,2006,2005,2006
2130,2131,2130,2131,2130,2131,2130,2131,2130,2131,2130,2131,2130,2131,2130,2131,4377,5282,5282,5282,5282,5282,5282,5282,5282,5282,5282,5282,5282,5282,5282,5282,5282,5282,5282,-1,-1,-1,-1,5282,5282,5282,5282,5282,5282,5282,2130,2131,2130,2131,2130,2131,2130,2131,2130,2131,2130,2131,5142,5142,5142,5142,2130,2131,2130,2131,2130,2131,2130,2131,2130,2131,2130,2131,2130,2131,2130,2131,2130,2131,2130,2131,2130,2131,2130,2131,2130,2131,5142,5142,5142,5142,2130,2131,2130,2131,2130,2131,2130,2131,2130,2131,2130,2131,2130,2131,-1,-1,-1,-1,-1,-1,3500,3501,3502,3776,3776,3776,3776,3776,3776,3776,3776,3777,3778,3778,2020,3500,3501,3502,-1,-1,-1,-1,-1,4377,2130,2131,2130,2131,2130,2131,2130,2131,2130,2131,2130,2131,2130,2131,2130,2131
2005,2006,2005,2006,2005,2006,2005,2006,2005,2006,2005,2006,2005,2006,2005,2006,4377,5282,5282,5282,5282,5282,755,5282,757,5282,5282,5282,5282,5282,5282,5282,5282,-1,-1,-1,-1,-1,-1,-1,-1,-1,5282,5282,5282,5282,2005,2006,2005,2006,2005,2006,2005,2006,2005,2006,2005,2006,5142,5142,5142,5142,2005,2006,2005,2006,2005,2006,2005,2006,2005,2006,2005,2006,2005,2006,2005,2006,2005,2006,2005,2006,2005,2006,2005,2006,2005,2006,5142,5142,5142,5142,2005,2006,2005,2006,2005,2006,2005,2006,2005,2006,2005,2006,2005,2006,-1,-1,-1,-1,-1,-1,-1,-1,-1,-1,3776,5034,5035,5036,5037,5038,5038,5038,5038,5038,-1,-1,-1,-1,-1,-1,-1,-1,-1,4377,2005,2006,2005,2006,2005,2006,2005,2006,2005,2006,2005,2006,2005,2006,2005,2006
2130,2131,2130,2131,2130,2131,2130,2131,2130,2131,2130,2131,2130,2131,2130,2131,4377,5282,5282,5282,5282,5282,880,5282,882,5282,5282,5282,5282,5282,5282,5282,5282,5282,5282,5282,5282,5282,5282,5282,5282,5282,5282,5282,5282,5282,2130,2131,2130,2131,2130,2131,2130,2131,2130,2131,2130,2131,5142,5142,5142,5142,2130,2131,2130,2131,2130,2131,2130,2131,2130,2131,2130,2131,2130,2131,2130,2131,2130,2131,2130,2131,2130,2131,2130,2131,2130,2131,5142,5142,5142,5142,2130,2131,2130,2131,2130,2131,2130,2131,2130,2131,2130,2131,2130,2131,752,753,753,753,753,753,753,753,753,753,753,754,5035,5036,5037,5038,5163,5163,752,753,753,753,753,753,753,753,753,753,753,4377,2130,2131,2130,2131,2130,2131,2130,2131,2130,2131,2130,2131,2130,2131,2130,2131
2005,2006,2005,2006,2005,2006,2005,2006,2005,2006,2005,2006,2005,2006,2005,2006,4377,891,891,891,891,891,880,5282,882,1264,891,891,891,891,891,891,891,891,2020,5282,891,891,891,891,891,891,891,891,891,891,2005,2006,2005,2006,2005,2006,2005,2006,2005,2006,2005,2006,5142,5142,5142,5142,2005,2006,2005,2006,2005,2006,2005,2006,2005,2006,2005,2006,2005,2006,2005,2006,2005,2006,2005,2006,2005,2006,2005,2006,2005,2006,5142,5142,5142,5142,2005,2006,2005,2006,2005,2006,2005,2006,2005,2006,2005,2006,2005,2006,877,891,891,891,891,891,891,891,891,891,891,879,5035,5036,5037,5038,5288,5288,877,891,891,891,891,891,891,891,891,891,891,4377,2005,2006,2005,2006,2005,2006,2005,2006,2005,2006,2005,2006,2005,2006,2005,2006
2130,2131,2130,2131,2130,2131,2130,2131,2130,2131,2130,2131,2130,2131,2130,2131,4377,891,891,891,891,891,880,5282,882,891,891,891,891,891,891,891,891,891,2020,5282,891,891,891,891,891,891,891,891,891,891,2130,2131,2130,2131,2130,2131,2130,2131,2130,2131,2130,2131,5142,5142,5142,5142,2130,2131,2130,2131,2130,2131,2130,2131,2130,2131,2130,2131,2130,2131,2130,2131,2130,2131,2130,2131,2130,2131,2130,2131,2130,2131,5142,5142,5142,5142,2130,2131,2130,2131,2130,2131,2130,2131,2130,2131,2130,2131,2130,2131,877,891,891,891,891,891,891,891,891,891,891,879,5035,5036,5037,5038,5413,5413,877,891,891,891,891,891,891,891,891,891,891,4377,2130,2131,2130,2131,2130,2131,2130,2131,2130,2131,2130,2131,2130,2131,2130,2131
2005,2006,2005,2006,2005,2006,2005,2006,2005,2006,2005,2006,2005,2006,2005,2006,4377,891,891,891,891,891,880,5282,882,891,891,891,891,891,891,891,891,891,2020,5282,891,891,891,891,891,891,891,891,891,891,2005,2006,2005,2006,2005,2006,2005,2006,2005,2006,2005,2006,5142,5142,5142,5142,2005,2006,2005,2006,2005,2006,2005,2006,2005,2006,2005,2006,2005,2006,2005,2006,2005,2006,2005,2006,2005,2006,2005,2006,2005,2006,5142,5142,5142,5142,2005,2006,2005,2006,2005,2006,2005,2006,2005,2006,2005,2006,2005,2006,877,891,891,891,891,891,891,891,891,891,891,879,5035,5036,5037,5038,5538,5538,877,891,891,891,891,891,891,891,891,891,891,4377,2005,2006,2005,2006,2005,2006,2005,2006,2005,2006,2005,2006,2005,2006,2005,2006
2130,2131,2130,2131,2130,2131,2130,2131,2130,2131,2130,2131,2130,2131,2130,2131,4377,891,891,891,891,891,880,5282,882,891,891,891,891,891,891,891,891,891,2020,5282,891,891,891,891,891,891,891,891,891,891,2130,2131,2130,2131,2130,2131,2130,2131,2130,2131,2130,2131,5142,5142,5142,5142,2130,2131,2130,2131,2130,2131,2130,2131,2130,2131,2130,2131,2130,2131,2130,2131,2130,2131,2130,2131,2130,2131,2130,2131,2130,2131,5142,5142,5142,5142,2130,2131,2130,2131,2130,2131,2130,2131,2130,2131,2130,2131,2130,2131,877,891,891,891,1153,1154,1155,891,891,891,891,879,5035,5036,5037,5038,5663,5663,877,891,891,891,891,1153,1154,1155,891,891,891,4377,2130,2131,2130,2131,2130,2131,2130,2131,2130,2131,2130,2131,2130,2131,2130,2131
2005,2006,2005,2006,2005,2006,2005,2006,2005,2006,2005,2006,2005,2006,2005,2006,4377,891,891,891,891,891,880,5282,882,891,891,891,891,891,891,891,891,891,2020,5282,5282,5282,5282,5282,5282,5282,5282,5282,5282,5282,2005,2006,2005,2006,2005,2006,2005,2006,2005,2006,2005,2006,5142,5142,5142,5142,2005,2006,2005,2006,2005,2006,2005,2006,2005,2006,2005,2006,2005,2006,2005,2006,2005,2006,2005,2006,2005,2006,2005,2006,2005,2006,5142,5142,5142,5142,2005,2006,2005,2006,2005,2006,2005,2006,2005,2006,2005,2006,2005,2006,877,891,891,891,1278,1279,1280,891,891,891,891,879,5036,5037,5038,5038,5660,5661,877,891,891,891,891,1278,1279,1280,891,891,891,4377,2005,2006,2005,2006,2005,2006,2005,2006,2005,2006,2005,2006,2005,2006,2005,2006
2130,2131,2130,2131,2130,2131,2130,2131,2130,2131,2130,2131,2130,2131,2130,2131,4377,891,891,891,891,891,880,5282,882,891,891,891,891,891,891,891,891,891,2020,5282,5282,5282,5282,5282,5282,5282,5282,5282,5282,5282,2130,2131,2130,2131,2130,2131,2130,2131,2130,2131,2130,2131,5142,5142,5142,5142,2130,2131,2130,2131,2130,2131,2130,2131,2130,2131,2130,2131,2130,2131,2130,2131,2130,2131,2130,2131,2130,2131,2130,2131,2130,2131,5142,5142,5142,5142,2130,2131,2130,2131,2130,2131,2130,2131,2130,2131,2130,2131,2130,2131,877,891,891,891,1403,1404,1405,891,891,891,891,879,5036,5037,5038,5163,5660,5661,877,891,891,891,891,1403,1404,1405,891,891,891,4377,2130,2131,2130,2131,2130,2131,2130,2131,2130,2131,2130,2131,2130,2131,2130,2131
2005,2006,2005,2006,2005,2006,2005,2006,2005,2006,2005,2006,2005,2006,2005,2006,4377,891,891,891,891,891,880,5282,882,891,891,891,891,891,891,891,891,891,2020,5282,5282,5282,5282,5282,5282,5282,5282,5282,5282,5282,2005,2006,2005,2006,2005,2006,2005,2006,2005,2006,2005,2006,5142,5142,5142,5142,2005,2006,2005,2006,2005,2006,2005,2006,2005,2006,2005,2006,2005,2006,2005,2006,2005,2006,2005,2006,2005,2006,2005,2006,2005,2006,5142,5142,5142,5142,2005,2006,2005,2006,2005,2006,2005,2006,2005,2006,2005,2006,2005,2006,877,891,891,891,891,891,891,891,891,891,891,879,5161,5162,5163,5288,5660,5661,877,891,891,891,891,891,891,891,891,891,891,4377,2005,2006,2005,2006,2005,2006,2005,2006,2005,2006,2005,2006,2005,2006,2005,2006
2130,2131,2130,2131,2130,2131,2130,2131,2130,2131,2130,2131,2130,2131,2130,2131,4377,891,891,891,891,891,880,5282,882,891,891,891,891,891,891,891,891,891,2020,5282,891,891,891,891,891,891,891,891,891,891,2130,2131,2130,2131,2130,2131,2130,2131,2130,2131,2130,2131,5142,5142,5142,5142,2130,2131,2130,2131,2130,2131,2130,2131,2130,2131,2130,2131,2130,2131,2130,2131,2130,2131,2130,2131,2130,2131,2130,2131,2130,2131,5142,5142,5142,5142,2130,2131,2130,2131,2130,2131,2130,2131,2130,2131,2130,2131,2130,2131,877,891,891,891,891,891,891,891,891,891,891,879,5286,5287,5288,5413,5661,5662,877,891,891,891,891,891,891,891,891,891,891,4377,2130,2131,2130,2131,2130,2131,2130,2131,2130,2131,2130,2131,2130,2131,2130,2131
2005,2006,2005,2006,2005,2006,2005,2006,2005,2006,2005,2006,2005,2006,2005,2006,4377,891,891,891,891,891,1005,5282,1007,891,891,891,891,891,891,891,891,891,2020,5282,891,891,891,891,891,891,891,891,891,891,2005,2006,2005,2006,2005,2006,2005,2006,2005,2006,2005,2006,5142,5142,5142,5142,2005,2006,2005,2006,2005,2006,2005,2006,2005,2006,2005,2006,2005,2006,2005,2006,2005,2006,2005,2006,2005,2006,2005,2006,2005,2006,5142,5142,5142,5142,2005,2006,2005,2006,2005,2006,2005,2006,2005,2006,2005,2006,2005,2006,877,891,891,891,891,891,891,891,891,891,891,879,5411,5412,5413,5538,5661,5662,877,891,891,891,891,891,891,891,891,891,891,4377,2005,2006,2005,2006,2005,2006,2005,2006,2005,2006,2005,2006,2005,2006,2005,2006
2130,2131,2130,2131,2130,2131,2130,2131,2130,2131,2130,2131,2130,2131,2130,2131,4377,891,891,891,891,891,891,891,891,891,891,891,891,891,891,891,891,891,2020,5282,891,891,891,891,891,891,891,891,891,891,2130,2131,2130,2131,2130,2131,2130,2131,2130,2131,2130,2131,5142,5142,5142,5142,2130,2131,2130,2131,2130,2131,2130,2131,2130,2131,2130,2131,2130,2131,2130,2131,2130,2131,2130,2131,2130,2131,2130,2131,2130,2131,5142,5142,5142,5142,2130,2131,2130,2131,2130,2131,2130,2131,2130,2131,2130,2131,2130,2131,877,891,891,891,891,891,891,891,891,891,891,879,5536,5537,5538,5663,5661,5662,877,891,891,891,891,891,891,891,891,891,891,4377,2130,2131,2130,2131,2130,2131,2130,2131,2130,2131,2130,2131,2130,2131,2130,2131
2005,2006,2005,2006,2005,2006,2005,2006,2005,2006,2005,2006,2005,2006,2005,2006,4377,891,891,891,891,891,891,891,891,891,891,891,891,891,891,891,891,891,2020,5282,891,891,891,891,891,891,891,891,891,891,2005,2006,2005,2006,2005,2006,2005,2006,2005,2006,2005,2006,5142,5142,5142,5142,2005,2006,2005,2006,2005,2006,2005,2006,2005,2006,2005,2006,2005,2006,2005,2006,2005,2006,2005,2006,2005,2006,2005,2006,2005,2006,5142,5142,5142,5142,2005,2006,2005,2006,2005,2006,2005,2006,2005,2006,2005,2006,2005,2006,1002,1003,1003,1003,1003,1003,1003,1003,1003,1003,1003,1004,5661,5662,5663,5660,5661,5662,1002,1003,1003,1003,1003,1003,1003,1003,1003,1003,1003,4377,2005,2006,2005,2006,2005,2006,2005,2006,2005,2006,2005,2006,2005,2006,2005,2006
2130,2131,2130,2131,2130,2131,2130,2131,2130,2131,2130,2131,2130,2131,2130,2131,4377,891,891,891,891,891,891,891,891,891,891,891,891,891,891,891,891,891,2020,5282,891,891,891,891,891,891,891,891,891,891,2130,2131,2130,2131,2130,2131,2130,2131,2130,2131,2130,2131,5142,5142,5142,5142,2130,2131,2130,2131,2130,2131,2130,2131,2130,2131,2130,2131,2130,2131,2130,2131,2130,2131,2130,2131,2130,2131,2130,2131,2130,2131,5142,5142,5142,5142,2130,2131,2130,2131,2130,2131,2130,2131,2130,2131,2130,2131,2130,2131,6035,6036,6037,6038,-1,6035,6036,6037,6038,6038,6038,2662,2662,2662,2662,2663,2663,2663,2663,-1,-1,-1,-1,-1,-1,-1,-1,-1,-1,4377,2130,2131,2130,2131,2130,2131,2130,2131,2130,2131,2130,2131,2130,2131,2130,2131
2005,2006,2005,2006,2005,2006,2005,2006,2005,2006,2005,2006,2005,2006,2005,2006,4377,891,891,891,891,891,891,891,891,891,891,891,891,891,891,891,-1,-1,3778,5282,5282,5282,5282,5282,5282,5282,5282,5282,5282,5282,3293,3294,3293,3294,3295,3293,3294,3295,3293,3294,3293,3294,3295,406,407,5142,3293,3294,3293,3294,3295,3293,3294,3295,3293,3294,3295,3293,3294,3295,3293,3294,3293,3294,3293,3294,3295,3293,3294,3295,3293,3294,3295,306,307,5142,3293,3294,3293,3294,3293,3294,3293,3294,3293,3294,2005,2006,2005,2006,3295,6161,6162,6163,6038,6038,6038,6038,6038,6163,6163,6163,6163,6163,6163,6163,6163,-1,-1,-1,-1,-1,-1,-1,-1,-1,-1,-1,-1,4377,2005,2006,2005,2006,2005,2006,2005,2006,2005,2006,2005,2006,2005,2006,2005,2006
2130,2131,2130,2131,2130,2131,2130,2131,2130,2131,2130,2131,2130,2131,2130,2131,4377,891,891,891,891,891,891,891,891,891,891,891,891,891,891,891,-1,5282,5282,5282,5282,5282,5282,5282,5282,5282,5282,5282,5282,5282,3418,3419,3418,3419,3420,3418,3419,3420,3418,3419,3418,3419,3420,531,532,5142,3418,3419,3418,3419,3420,3418,3419,3420,3418,3419,3420,3418,3419,3420,3418,3419,3418,3419,3418,3419,3420,3418,3419,3420,3418,3419,3420,431,432,5142,3418,3419,3418,3419,3418,3419,3418,3419,3418,3419,2130,2131,2130,2131,3420,6286,6287,6288,6163,6163,6163,6163,6163,6288,6288,6288,6288,6288,6288,6288,6288,-1,-1,-1,-1,-1,-1,-1,-1,-1,-1,-1,-1,4377,2130,2131,2130,2131,2130,2131,2130,2131,2130,2131,2130,2131,2130,2131,2130,2131
2005,2006,2005,2006,2005,2006,2005,2006,2005,2006,2005,2006,2005,2006,2005,2006,4377,-1,-1,-1,-1,-1,-1,-1,-1,-1,-1,-1,-1,-1,-1,-1,-1,5282,5282,5282,5282,5282,5282,5282,5282,5282,5282,5282,5282,5282,2005,2006,2005,2006,2005,2006,2005,2006,2005,2006,2005,2006,5142,5142,5142,5142,2005,2006,2005,2006,2005,2006,2005,2006,2005,2006,2005,2006,2005,2006,2005,2006,2005,2006,2005,2006,2005,2006,2005,2006,2005,2006,5142,556,557,5142,2005,2006,2005,2006,2005,2006,2005,2006,2005,2006,2005,2006,2005,2006,6285,6286,6287,6288,6288,6288,6288,6288,6288,-1,-1,-1,-1,-1,-1,-1,-1,-1,-1,-1,-1,-1,-1,-1,-1,-1,-1,-1,-1,4377,2005,2006,2005,2006,2005,2006,2005,2006,2005,2006,2005,2006,2005,2006,2005,2006
2130,2131,2130,2131,2130,2131,2130,2131,2130,2131,2130,2131,2130,2131,2130,2131,4377,-1,-1,-1,-1,-1,-1,-1,-1,-1,-1,-1,-1,-1,-1,-1,-1,-1,5282,-1,-1,-1,-1,-1,-1,-1,-1,-1,-1,-1,2130,2131,2130,2131,2130,2131,2130,2131,2130,2131,2130,2131,5142,5142,5142,5142,2130,2131,2130,2131,2130,2131,2130,2131,2130,2131,2130,2131,2130,2131,2130,2131,2130,2131,2130,2131,2130,2131,2130,2131,2130,2131,5142,5142,5142,5142,2130,2131,2130,2131,2130,2131,2130,2131,2130,2131,2130,2131,2130,2131,-1,-1,-1,-1,-1,-1,-1,-1,-1,-1,-1,-1,-1,-1,-1,-1,-1,-1,-1,-1,-1,-1,-1,-1,-1,-1,-1,-1,-1,4377,2130,2131,2130,2131,2130,2131,2130,2131,2130,2131,2130,2131,2130,2131,2130,2131
2005,2006,2005,2006,2005,2006,2005,2006,2005,2006,2005,2006,2005,2006,2005,2006,4377,769,770,768,769,770,768,769,770,768,769,770,768,769,770,768,769,770,768,769,770,768,769,770,768,769,768,769,770,770,2005,2006,2005,2006,2005,2006,2005,2006,2005,2006,2005,2006,5142,5142,5142,5142,2005,2006,2005,2006,2005,2006,2005,2006,2005,2006,2005,2006,2005,2006,2005,2006,2005,2006,2005,2006,2005,2006,2005,2006,2005,2006,5142,5142,5142,5142,2005,2006,2005,2006,2005,2006,2005,2006,2005,2006,2005,2006,2005,2006,-1,-1,-1,56,57,-1,-1,-1,-1,-1,-1,-1,-1,-1,-1,-1,-1,-1,-1,56,57,-1,-1,-1,-1,-1,-1,-1,-1,4377,2005,2006,2005,2006,2005,2006,2005,2006,2005,2006,2005,2006,2005,2006,2005,2006
2130,2131,2130,2131,2130,2131,2130,2131,2130,2131,2130,2131,2130,2131,2130,2131,4377,894,895,893,894,895,893,894,895,893,894,895,893,894,895,893,894,895,893,894,895,893,894,895,893,894,893,894,895,895,2130,2131,2130,2131,2130,2131,2130,2131,2130,2131,2130,2131,5142,5142,5142,5142,2130,2131,2130,2131,2130,2131,2130,2131,2130,2131,2130,2131,2130,2131,2130,2131,2130,2131,2130,2131,2130,2131,2130,2131,2130,2131,5142,5142,5142,5142,2130,2131,2130,2131,2130,2131,2130,2131,2130,2131,2130,2131,2130,2131,-1,-1,-1,58,59,-1,-1,-1,-1,-1,-1,-1,-1,-1,-1,-1,-1,-1,-1,58,59,-1,-1,-1,-1,56,57,-1,-1,4377,2130,2131,2130,2131,2130,2131,2130,2131,2130,2131,2130,2131,2130,2131,2130,2131
2005,2006,2005,2006,2005,2006,2005,2006,2005,2006,2005,2006,2005,2006,2005,2006,4377,1019,1020,1018,1019,1020,1018,1019,1020,1018,1019,1020,1018,1019,1020,1018,1019,1020,1018,1019,1020,1018,1019,1020,1018,1019,1019,1018,1019,1020,2005,2006,2005,2006,2005,2006,2005,2006,2005,2006,2005,2006,5142,5142,5142,5142,2005,2006,2005,2006,2005,2006,2005,2006,2005,2006,2005,2006,2005,2006,2005,2006,2005,2006,2005,2006,2005,2006,2005,2006,2005,2006,5142,5142,5142,5142,2005,2006,2005,2006,2005,2006,2005,2006,2005,2006,2005,2006,2005,2006,-1,-1,-1,-1,-1,-1,-1,-1,56,57,-1,-1,-1,-1,-1,-1,-1,-1,-1,-1,-1,-1,-1,-1,-1,58,59,-1,-1,4377,2005,2006,2005,2006,2005,2006,2005,2006,2005,2006,2005,2006,2005,2006,2005,2006
2130,2131,2130,2131,2130,2131,2130,2131,2130,2131,2130,2131,2130,2131,2130,2131,4377,1269,1267,1268,1269,1267,1268,1269,1267,1268,1269,1267,1268,1269,1267,1268,1269,1267,1268,1269,1267,1268,1269,1267,1268,1269,1267,1268,1269,891,2130,2131,2130,2131,2130,2131,2130,2131,2130,2131,2130,2131,5142,5142,5142,5142,2130,2131,2130,2131,2130,2131,2130,2131,2130,2131,2130,2131,2130,2131,2130,2131,2130,2131,2130,2131,2130,2131,2130,2131,2130,2131,5142,5142,5142,5142,2130,2131,2130,2131,2130,2131,2130,2131,2130,2131,2130,2131,2130,2131,-1,-1,-1,-1,-1,-1,-1,-1,58,59,-1,-1,-1,-1,-1,-1,-1,-1,-1,-1,-1,-1,-1,-1,-1,-1,-1,-1,-1,4377,2130,2131,2130,2131,2130,2131,2130,2131,2130,2131,2130,2131,2130,2131,2130,2131
2005,2006,2005,2006,2005,2006,2005,2006,2005,2006,2005,2006,2005,2006,2005,2006,4377,891,891,891,891,891,891,891,891,891,891,891,891,891,891,891,891,891,891,891,891,891,891,891,891,891,891,891,891,891,2005,2006,2005,2006,2005,2006,2005,2006,2005,2006,2005,2006,5142,5142,5142,5142,2005,2006,2005,2006,2005,2006,2005,2006,2005,2006,2005,2006,2005,2006,2005,2006,2005,2006,2005,2006,2005,2006,2005,2006,2005,2006,5142,5142,5142,5142,2005,2006,2005,2006,2005,2006,2005,2006,2005,2006,2005,2006,2005,2006,-1,-1,-1,-1,-1,-1,-1,-1,-1,-1,-1,-1,-1,-1,-1,-1,-1,-1,-1,-1,-1,-1,-1,-1,-1,-1,-1,-1,-1,4377,2005,2006,2005,2006,2005,2006,2005,2006,2005,2006,2005,2006,2005,2006,2005,2006
2130,2131,2130,2131,2130,2131,2130,2131,2130,2131,2130,2131,2130,2131,2130,2131,4377,891,891,891,891,891,891,891,891,891,891,891,891,891,891,891,891,891,891,891,891,891,891,891,891,891,891,891,891,891,2130,2131,2130,2131,2130,2131,2130,2131,2130,2131,2130,2131,5142,5142,5142,5142,2130,2131,2130,2131,2130,2131,2130,2131,2130,2131,2130,2131,2130,2131,2130,2131,2130,2131,2130,2131,2130,2131,2130,2131,2130,2131,5142,5142,5142,5142,2130,2131,2130,2131,2130,2131,2130,2131,2130,2131,2130,2131,2130,2131,-1,-1,-1,-1,-1,-1,-1,-1,-1,-1,-1,-1,-1,-1,-1,-1,-1,-1,-1,56,57,-1,-1,-1,-1,56,57,-1,-1,4377,2130,2131,2130,2131,2130,2131,2130,2131,2130,2131,2130,2131,2130,2131,2130,2131
2005,2006,2005,2006,2005,2006,2005,2006,2005,2006,2005,2006,2005,2006,2005,2006,4377,1627,1627,1627,1627,1627,1627,1627,1627,1627,1627,1627,1627,1627,1627,1627,1627,1627,1627,1627,1627,1627,1627,1627,1627,1627,1627,1627,1628,1626,1627,1627,1627,1627,1627,1627,1627,1627,1627,1627,1627,1628,5142,5142,5142,5142,1626,1627,1627,1627,1627,1627,1627,1627,1627,1627,1627,1628,1895,-1,1626,1627,1627,1627,1627,1627,1627,1627,1627,1627,1627,1628,5142,5142,5142,5142,1626,1627,1627,1627,1627,1627,1627,1627,1627,1627,1627,1628,-1,-1,-1,-1,-1,-1,-1,-1,-1,-1,181,182,-1,-1,-1,-1,-1,-1,-1,-1,-1,58,59,-1,-1,-1,-1,58,59,-1,-1,4377,2005,2006,2005,2006,2005,2006,2005,2006,2005,2006,2005,2006,2005,2006,2005,2006
2130,2131,2130,2131,2130,2131,2130,2131,2130,2131,2130,2131,2130,2131,2130,2131,4377,-1,638,639,-1,-1,-1,-1,-1,-1,-1,-1,-1,-1,-1,-1,-1,-1,-1,-1,-1,-1,-1,-1,-1,-1,-1,-1,1753,1751,-1,5142,5142,5142,5142,5142,5142,5142,5142,-1,-1,1753,5142,5142,5142,5142,1751,-1,-1,-1,-1,-1,6625,-1,-1,6625,-1,1753,-1,-1,1751,160,157,160,157,160,157,160,157,160,157,1753,5142,5142,5142,5142,1751,-1,-1,6563,5142,5142,5142,5142,5142,1378,1378,1753,-1,-1,-1,-1,-1,56,57,-1,-1,-1,58,59,-1,-1,-1,-1,-1,-1,-1,-1,-1,-1,-1,-1,-1,-1,-1,-1,-1,-1,-1,4377,2130,2131,2130,2131,2130,2131,2130,2131,2130,2131,2130,2131,2130,2131,2130,2131
2005,2006,2005,2006,2005,2006,2005,2006,2005,2006,2005,2006,2005,2006,2005,2006,4377,-1,763,764,-1,-1,-1,-1,-1,-1,-1,-1,-1,-1,-1,-1,-1,-1,-1,-1,-1,-1,-1,-1,-1,-1,-1,-1,1753,1751,-1,5142,5142,5142,5142,5142,5142,5142,5142,-1,-1,1753,5142,5142,5142,5142,1751,-1,-1,-1,6625,-1,-1,-1,-1,-1,-1,1753,-1,-1,1751,283,282,283,282,283,282,283,282,283,282,1753,5142,5142,5142,5142,1751,1378,5142,4500,4501,4502,4503,4504,4505,5142,5142,1753,-1,-1,-1,-1,-1,58,59,-1,-1,-1,-1,-1,-1,-1,-1,-1,-1,-1,-1,-1,-1,-1,-1,-1,-1,427,428,-1,-1,-1,-1,4377,2005,2006,2005,2006,2005,2006,2005,2006,2005,2006,2005,2006,2005,2006,2005,2006
2130,2131,2130,2131,2130,2131,2130,2131,2130,2131,2130,2131,2130,2131,2130,2131,4377,-1,888,889,-1,-1,-1,-1,-1,-1,-1,-1,-1,5506,5507,5508,5509,5510,5511,5512,5513,5514,5515,-1,-1,-1,-1,-1,1753,1751,-1,-1,5516,5517,5518,5519,5520,5521,-1,-1,1000,1753,5142,5142,5142,5142,1751,-1,-1,4526,4527,4528,4529,4530,4531,-1,-1,1753,56,57,1751,157,283,4532,4533,4534,4535,4536,4537,283,157,1753,5142,5142,5142,5142,1751,5142,5142,4625,4626,4627,4628,4629,4630,5142,1378,1753,-1,-1,-1,-1,-1,-1,-1,-1,-1,-1,-1,-1,-1,-1,-1,-1,-1,-1,-1,-1,-1,-1,-1,-1,-1,552,553,-1,-1,-1,-1,4377,2130,2131,2130,2131,2130,2131,2130,2131,2130,2131,2130,2131,2130,2131,2130,2131
2005,2006,2005,2006,2005,2006,2005,2006,2005,2006,2005,2006,2005,2006,2005,2006,4377,-1,-1,-1,-1,-1,-1,-1,-1,-1,-1,-1,-1,5631,5632,5633,5634,5635,5636,5637,5638,5639,5640,-1,-1,-1,-1,-1,1753,1751,-1,-1,5641,5642,5643,5644,5645,5646,-1,-1,-1,1753,5142,5142,5142,5142,1751,-1,-1,4651,4652,4653,4654,4655,4656,5142,6625,1753,58,59,1751,282,283,4657,4658,4659,4660,4661,4662,283,282,1753,5142,5142,5142,5142,1751,5142,1378,4750,4751,4752,4753,4754,4755,5142,5142,1753,-1,-1,-1,-1,-1,2768,2769,2770,2771,2769,2770,2771,2772,-1,-1,-1,-1,-1,-1,-1,-1,-1,-1,-1,-1,-1,-1,-1,-1,-1,-1,4377,2005,2006,2005,2006,2005,2006,2005,2006,2005,2006,2005,2006,2005,2006,2005,2006
2130,2131,2130,2131,2130,2131,2130,2131,2130,2131,2130,2131,2130,2131,2130,2131,4377,-1,-1,-1,-1,-1,-1,-1,-1,-1,-1,-1,-1,5756,5757,5758,5759,5760,5761,5762,5763,5764,5765,-1,656,657,-1,-1,1753,1751,-1,-1,5766,5767,5768,5769,5770,5771,-1,-1,-1,1753,5142,5142,5142,5142,1751,6625,-1,4776,4777,4778,4779,4780,4781,5142,5142,1753,5142,5142,1751,160,157,4782,4783,4784,4785,4786,4787,157,160,1753,5142,5142,5142,5142,1751,5142,1378,4875,4876,4877,4878,4879,4880,5142,5142,1753,-1,-1,-1,-1,-1,2893,2894,2895,2896,2894,2895,2896,2897,-1,-1,-1,-1,-1,-1,-1,-1,-1,-1,-1,-1,6626,6627,-1,-536870359,-536870484,-1,4377,2130,2131,2130,2131,2130,2131,2130,2131,2130,2131,2130,2131,2130,2131,2130,2131
2005,2006,2005,2006,2005,2006,2005,2006,2005,2006,2005,2006,2005,2006,2005,2006,4377,-1,-1,-1,-1,-1,-1,-1,-1,-1,284,-1,-1,5881,5882,5883,5884,5885,5886,5887,5888,5889,5890,-1,781,782,-1,-1,1753,1751,1000,-1,5891,5892,5893,5894,5895,5896,-1,1000,-1,1753,5142,5142,5142,5142,1751,-1,-1,4901,4902,4903,4904,4905,4906,6625,5142,1753,5142,5142,1751,283,282,4907,4908,4909,4910,4911,4912,282,283,1753,5142,5142,5142,5142,1751,5142,5142,5000,5001,5002,5003,5004,5005,1378,5142,1753,-1,2526,2527,2528,2529,3018,3019,3020,3021,3019,3020,3021,3022,-1,-1,-1,-1,-1,-1,-1,-1,-1,-1,-1,-1,6751,6752,-1,-536870360,-536870485,-1,4377,2005,2006,2005,2006,2005,2006,2005,2006,2005,2006,2005,2006,2005,2006,2005,2006
2130,2131,2130,2131,2130,2131,2130,2131,2130,2131,2130,2131,2130,2131,2130,2131,4377,-1,-1,-1,-1,-1,-1,-1,-1,-1,-1,-1,-1,6006,6007,6008,6009,6010,6011,6012,6013,6014,6015,-1,-1,-1,-1,-1,1753,1751,-1,-1,6016,6017,6018,6019,6020,6021,-1,-1,-1,1753,5142,5142,5142,5142,1751,-1,-1,5026,5027,5028,5029,5030,5031,5142,5142,1753,5142,5142,1876,1877,1877,1877,2001,5142,5142,2000,1877,1877,1877,1878,5142,5142,5142,5142,1751,5142,5142,5125,5126,5127,5128,5129,5130,5142,5142,1753,-1,2651,2652,2653,2654,3143,2523,2524,2525,3141,3142,3146,3147,-1,-1,-1,-1,-1,-1,-1,-1,-1,-1,-1,-1,-1,-1,-1,-1,-1,-1,4377,2130,2131,2130,2131,2130,2131,2130,2131,2130,2131,2130,2131,2130,2131,2130,2131
2005,2006,2005,2006,2005,2006,2005,2006,2005,2006,2005,2006,2005,2006,2005,2006,4377,-1,-1,-1,-1,-1,-1,-1,-1,-1,-1,-1,-1,6131,6132,6133,6134,6135,6136,6137,6138,6139,6140,-1,-1,-1,-1,-1,1753,1751,-1,-1,6141,6142,6143,6144,6145,6146,-1,-1,-1,1753,5142,5142,5142,5142,1751,-1,-1,5151,5152,5153,5154,5155,5156,5142,5142,1753,5142,5142,5142,5142,-1,5142,5142,5142,5142,5142,5142,5142,284,-1,5142,5142,5142,5142,1751,1378,1378,5250,5251,5252,5253,5254,5255,5142,1378,1753,-1,2526,2527,2528,2529,3268,2648,2649,2650,3266,3267,3271,3272,-1,-1,-1,-1,-1,-1,-1,-1,-1,-1,-1,-1,-1,-1,-1,-1,-1,-1,4377,2005,2006,2005,2006,2005,2006,2005,2006,2005,2006,2005,2006,2005,2006,2005,2006
2130,2131,2130,2131,2130,2131,2130,2131,2130,2131,2130,2131,2130,2131,2130,2131,4377,1877,1877,1877,1877,1877,1877,1877,1877,1877,1877,1877,1877,2001,-1,-1,-1,-1,-1,-1,-1,4387,2000,1877,1877,1877,1877,1877,1878,1876,1877,1877,1877,2001,5266,5266,2000,1877,1877,1877,1877,1878,5142,5142,5142,5142,1876,1877,1877,1877,2001,5278,5279,2000,1877,1877,1877,1878,5142,5142,5142,5142,-1,5142,5142,5142,5142,5142,5142,5142,5142,5142,5142,5142,5142,5142,1751,-1,-1,5375,5376,5377,5378,5379,5380,2000,1877,1878,-1,2651,2652,2653,2654,3393,3395,3395,3395,3394,3395,3396,3397,-1,-1,-1,-1,-1,-1,-1,-1,-1,-1,-1,-1,-1,-1,-1,-1,-1,-1,4377,2130,2131,2130,2131,2130,2131,2130,2131,2130,2131,2130,2131,2130,2131,2130,2131
2005,2006,2005,2006,2005,2006,2005,2006,2005,2006,2005,2006,2005,2006,2005,2006,4377,57,56,57,56,57,56,57,56,57,56,57,56,57,-1,-1,-1,-1,-1,-1,-1,-1,-1,56,57,56,57,56,57,-1,-1,-1,5266,5266,5266,5266,5266,5266,5266,5266,5266,5266,5142,5142,5142,5142,5142,5142,5142,5142,5142,5142,6381,5142,5142,-1,5142,5142,5142,5142,5142,56,57,5142,5142,5142,5142,5142,5142,5142,5142,5142,5142,5142,5142,5142,1876,1877,1877,1877,2001,5502,5503,4800,4800,4800,4800,4800,-1,-1,2521,2522,-1,-1,-1,-1,-1,-1,-1,-1,-1,-1,-1,-1,-1,-1,-1,-1,-1,-1,-1,-1,-1,-1,-1,-1,-1,33,-1,4377,2005,2006,2005,2006,2005,2006,2005,2006,2005,2006,2005,2006,2005,2006,2005,2006
2130,2131,2130,2131,2130,2131,2130,2131,2130,2131,2130,2131,2130,2131,2130,2131,4377,59,58,59,58,59,58,59,58,59,58,59,58,59,-1,-1,-1,-1,-1,-1,-1,-1,-1,58,59,58,59,58,59,-1,-1,-1,284,5266,5266,5266,5266,5266,5266,5266,5266,5266,5142,5142,5142,5142,5142,-1,-1,-1,-1,-1,-1,5142,5142,284,5142,5142,5142,5142,5142,58,59,5142,5142,5142,5142,5142,5142,5142,5142,5142,5142,5142,5142,5142,2126,-1,5142,5142,5142,5142,5416,4800,284,4800,4800,4800,4800,-1,2646,2647,-1,-1,-1,-1,-1,-1,-1,-1,-1,-1,-1,-1,-1,-1,-1,-1,-1,-1,-1,-1,-1,-1,-1,-1,33,34,-1,4377,2130,2131,2130,2131,2130,2131,2130,2131,2130,2131,2130,2131,2130,2131,2130,2131
2005,2006,2005,2006,2005,2006,2005,2006,2005,2006,2005,2006,2005,2006,2005,2006,4377,-1,-1,-1,-1,-1,-1,-1,-1,-1,-1,-1,-1,-1,-1,-1,-1,-1,5266,5266,5266,5266,-1,-1,-1,-1,-1,-1,-1,-1,-1,-1,5266,5266,5266,5266,5266,5266,5266,5266,5266,5266,5142,5142,5142,5142,5142,5142,5142,5142,5142,5142,5142,5142,-1,-1,-1,-1,-1,-1,-1,-1,-1,-1,-1,-1,-1,-1,-1,-1,-1,-1,5142,5142,5142,5142,-1,-1,-1,5142,5142,5142,5416,4800,4800,4800,4800,4800,-1,-1,-1,6035,6036,6037,6038,6038,6038,6038,6038,-1,-1,-1,-1,-1,-1,-1,5142,-1,-1,-1,-1,-1,-1,-1,-1,-1,158,159,-1,4377,2005,2006,2005,2006,2005,2006,2005,2006,2005,2006,2005,2006,2005,2006,2005,2006
2130,2131,2130,2131,2130,2131,2130,2131,2130,2131,2130,2131,2130,2131,2130,2131,4377,2006,5266,5266,5266,5266,5266,5266,5266,5266,5266,5266,5266,5266,5266,5266,5266,5266,5266,5266,5266,5266,5266,5266,5266,5266,5266,5266,5266,5266,5266,5266,5266,5266,5266,5266,5266,5266,5266,5266,5266,5266,5142,5142,5142,5142,5142,5142,5142,5142,5142,5142,5142,5142,5142,5142,5142,5142,5142,5142,5142,5142,5142,5142,5142,5142,5142,5142,5142,5142,5142,5142,5142,5142,5142,5142,5142,5142,5142,5142,5142,5142,5142,5142,5142,5142,5142,5142,5142,5142,5142,5142,5142,5142,5142,6163,6163,6163,6163,-1,-1,-1,-1,-1,-1,-1,-1,-1,-1,-1,-1,-1,-1,-1,-1,-1,-1,-1,2005,4377,2130,2131,2130,2131,2130,2131,2130,2131,2130,2131,2130,2131,2130,2131,2130,2131
2005,2006,2005,2006,2005,2006,2005,2006,2005,2006,2005,2006,2005,2006,2005,2006,4377,2131,5266,5266,5266,5266,5266,5266,5266,5266,5266,5266,5266,5266,5266,5266,5266,5266,5266,5266,5266,5266,5266,5266,5266,5266,5266,5266,5266,5266,5266,5266,5266,5266,5266,5266,5266,5266,5266,5266,5266,5266,5142,5142,5142,5142,5142,5142,5142,5142,5142,5142,5142,5142,5142,5142,5142,5142,5142,5142,5142,5142,5142,5142,5142,5142,5142,5142,5142,5142,5142,5142,5142,5142,5142,5142,5142,5142,5142,5142,5142,5142,5142,5142,5142,5142,5142,5142,5142,5142,5142,5142,5142,5142,5142,6288,6288,6288,6288,-1,-1,-1,-1,-1,-1,-1,-1,-1,-1,-1,-1,-1,-1,-1,-1,-1,-1,-1,2130,4377,2005,2006,2005,2006,2005,2006,2005,2006,2005,2006,2005,2006,2005,2006,2005,2006
2130,2131,2130,2131,2130,2131,2130,2131,2130,2131,2130,2131,2130,2131,2130,2131,4377,2006,5266,5266,5266,5266,5266,5266,5266,5266,5266,5266,5266,5266,5266,5266,5266,5266,5266,5266,5266,5266,5266,5266,5266,5266,5266,5266,5266,5266,5266,5266,5266,5266,5266,5266,5266,5266,5266,5266,5266,5266,5142,5142,5142,5142,5142,5142,5142,5142,5142,5142,5142,5142,5142,5142,5142,5142,5142,5142,5142,5142,5142,5142,5142,5142,5142,5142,5142,5142,5142,5142,5142,5142,5142,5142,5142,5142,5142,5142,5142,5142,5142,5142,5142,5142,5142,5142,5142,5142,5142,5142,5142,5142,5142,-1,-1,-1,-1,-1,-1,-1,-1,-1,-1,-1,-1,-1,-1,-1,-1,-1,-1,-1,-1,-1,-1,-1,2005,4377,2130,2131,2130,2131,2130,2131,2130,2131,2130,2131,2130,2131,2130,2131,2130,2131
2005,2006,2005,2006,2005,2006,2005,2006,2005,2006,2005,2006,2005,2006,2005,2006,4377,2131,5266,5266,5266,5266,5266,5266,5266,5266,5266,5266,5266,5266,5266,5266,5266,5266,5266,5266,5266,5266,5266,5266,5266,5266,5266,5266,5266,5266,5266,5266,5266,5266,5266,5266,5266,5266,5266,5266,5266,-1,5142,5142,5142,5142,5142,5142,5142,5142,5142,5142,5142,5142,5142,5142,5142,5142,5142,5142,5142,5142,5142,5142,5142,5142,5142,5142,5142,5142,5142,5142,5142,5142,5142,5142,5142,5142,5142,5142,5142,5142,5142,5142,5142,5142,5142,5142,5142,5142,5142,-1,-1,-1,-1,-1,-1,-1,-1,-1,-1,-1,-1,-1,-1,-1,-1,-1,-1,-1,-1,-1,-1,-1,-1,-1,-1,-1,2130,4377,2005,2006,2005,2006,2005,2006,2005,2006,2005,2006,2005,2006,2005,2006,2005,2006
2130,2131,2130,2131,2130,2131,2130,2131,2130,2131,2130,2131,2130,2131,2130,2131,4377,1877,1877,1877,1877,1877,1877,1877,1877,1877,1877,2001,-1,-1,2000,1628,1626,1877,1877,1877,1877,1877,1877,1877,1877,2001,-1,-1,2000,1628,1626,1627,1627,1627,1627,1627,1627,1627,1627,1627,1627,1628,5142,5142,5142,5142,1626,1627,1627,1627,1627,1627,1627,1627,1627,1627,1627,1627,1628,5142,5142,1626,1627,1627,1627,1627,1627,1627,1627,1627,1627,1628,5142,5142,5142,5142,1626,1627,1627,1627,1627,1627,1627,1627,1627,1627,1627,1627,1628,-1,-1,-1,-1,-1,-1,-1,-1,-1,-1,-1,-1,-1,-1,-1,-1,-1,-1,-1,-1,-1,-1,-1,-1,-1,-1,-1,-1,-1,-1,4377,2130,2131,2130,2131,2130,2131,2130,2131,2130,2131,2130,2131,2130,2131,2130,2131
2005,2006,2005,2006,2005,2006,2005,2006,2005,2006,2005,2006,2005,2006,2005,2006,4377,-1,6625,-1,-1,-1,-1,-1,-1,-1,-1,6625,-1,-1,-1,1753,1751,-1,-1,-1,-1,-1,-1,-1,1378,-1,-1,-1,-1,1753,1751,-1,5266,5266,5266,5266,5266,5266,5266,5266,5266,1753,5142,5142,5142,5142,1753,5142,5142,1000,5142,5142,5142,5142,5142,5142,1000,5142,1753,5142,5142,1751,5142,5142,5142,5142,5142,5142,5142,660,661,1753,5142,5142,5142,5142,1753,5142,5142,1000,5142,5142,5142,5142,5142,5142,1000,5142,1753,-1,752,753,753,753,753,754,-1,-1,-1,-1,-1,-1,-1,-1,-1,-1,-1,-1,-1,-1,-1,-1,-1,-1,-1,-1,-1,-1,-1,4377,2005,2006,2005,2006,2005,2006,2005,2006,2005,2006,2005,2006,2005,2006,2005,2006
2130,2131,2130,2131,2130,2131,2130,2131,2130,2131,2130,2131,2130,2131,2130,2131,4377,-1,-1,-1,4520,4521,4522,4523,4524,4525,-1,-1,-1,-1,-1,1753,1751,-1,-1,-1,-1,-1,-1,-1,-1,-1,-1,-1,-1,1753,1751,5266,5266,4500,4501,4502,4503,4504,4505,5266,5266,1753,5142,5142,5142,5142,1753,5142,5142,5625,5626,5627,5628,5629,5630,5142,5142,5142,1753,5142,5142,1751,5142,5142,6625,5142,5142,5142,5142,785,786,1753,5142,5142,5142,5142,1753,5142,5142,5625,5626,5627,5628,5629,5630,5142,5142,5142,1753,4160,877,878,878,878,878,879,-1,-1,-1,-1,-1,-1,-1,-1,-1,-1,-1,-1,-1,-1,-1,-1,-1,-1,-1,-1,-1,-1,-1,4377,2130,2131,2130,2131,2130,2131,2130,2131,2130,2131,2130,2131,2130,2131,2130,2131
2005,2006,2005,2006,2005,2006,2005,2006,2005,2006,2005,2006,2005,2006,2005,2006,4377,-1,-1,-1,4645,4646,4647,4648,4649,4650,-1,-1,-1,-1,-1,1753,1751,-1,-1,-1,4512,4513,4514,4515,-1,-1,-1,-1,-1,1753,1751,5266,5266,4625,4626,4627,4628,4629,4630,5266,5266,1753,5142,5142,5142,5142,1753,5142,5142,5750,5751,5752,5753,5754,5755,1000,5142,5142,1753,5142,5142,1751,5142,5142,5142,5142,5142,6625,5142,5142,5142,1753,5142,5142,5142,5142,1753,5142,5142,5750,5751,5752,5753,5754,5755,1000,5142,5142,1753,4160,877,878,4030,4031,878,879,-1,-1,-1,-1,-1,-1,-1,-1,-1,-1,-1,-1,-1,-1,-1,-1,-1,-1,-1,-1,-1,-1,-1,4377,2005,2006,2005,2006,2005,2006,2005,2006,2005,2006,2005,2006,2005,2006,2005,2006
2130,2131,2130,2131,2130,2131,2130,2131,2130,2131,2130,2131,2130,2131,2130,2131,4377,-1,-1,6625,4770,4771,4772,4773,4774,4775,-1,-1,-1,-1,-1,1753,1751,1378,-1,-1,4637,4638,4639,4640,-1,-1,-1,-1,-1,1753,1751,5266,5266,4750,4751,4752,4753,4754,4755,5266,5266,1753,5142,5142,5142,5142,1753,5142,1000,5875,5876,5877,5878,5879,5880,5142,1000,5142,1753,5142,5142,1751,5142,5142,5142,5142,5142,5142,5142,5142,5142,1753,5142,5142,5142,5142,1753,5142,1000,5875,5876,5877,5878,5879,5880,5142,1000,5142,1753,-1,877,878,4155,4156,878,879,-1,-1,-1,-1,-1,-1,-1,-1,-1,-1,-1,-1,-1,-1,-1,-1,-1,-1,-1,-1,-1,-1,-1,4377,2130,2131,2130,2131,2130,2131,2130,2131,2130,2131,2130,2131,2130,2131,2130,2131
2005,2006,2005,2006,2005,2006,2005,2006,2005,2006,2005,2006,2005,2006,2005,2006,4377,-1,-1,-1,4895,4896,4897,4898,4899,4900,-1,-1,-1,-1,-1,1753,1751,-1,-1,-1,4762,4763,4764,4765,-1,-1,-1,-1,-1,1753,1751,5266,5266,4875,4876,4877,4878,4879,4880,5266,5266,1753,5142,5142,5142,5142,1753,5142,5142,6000,6001,6002,6003,6004,6005,5142,5142,5142,1753,5142,5142,1751,5142,5522,5523,5524,5525,5526,5527,5142,5142,1753,5142,5142,5142,5142,1753,5142,5142,6000,6001,6002,6003,6004,6005,5142,5142,5142,1753,-1,1002,1003,4280,4281,1003,1004,-1,-1,-1,-1,-1,-1,-1,-1,-1,-1,-1,-1,-1,-1,-1,-1,-1,-1,-1,-1,-1,-1,-1,4377,2005,2006,2005,2006,2005,2006,2005,2006,2005,2006,2005,2006,2005,2006,2005,2006
2130,2131,2130,2131,2130,2131,2130,2131,2130,2131,2130,2131,2130,2131,2130,2131,4377,-1,-1,-1,5020,5021,5022,5023,5024,5025,-1,284,-1,-1,6625,1753,1751,-1,-1,-1,4887,4888,4889,4890,-1,284,-1,-1,-1,1753,1751,5266,5266,5000,5001,5002,5003,5004,5005,5266,5266,1753,5142,5142,5142,5142,1876,1877,1877,1877,2001,6127,6128,1750,5142,5142,5142,1000,1753,5142,5142,1751,5142,5647,5648,5649,5650,5651,5652,5142,6625,1753,5142,5142,5142,5142,1876,1877,1877,1877,2001,6127,6128,1750,5142,5142,5142,1000,1753,1380,1380,1380,2134,2135,1380,1380,1380,1380,1380,1380,1380,1380,1380,1380,1380,1380,1380,1380,1380,1380,1380,1380,1380,1380,1380,1380,1380,1380,1380,4377,2130,2131,2130,2131,2130,2131,2130,2131,2130,2131,2130,2131,2130,2131,2130,2131
2005,2006,2005,2006,2005,2006,2005,2006,2005,2006,2005,2006,2005,2006,2005,2006,4377,-1,-1,-1,5145,5146,5147,5148,5149,5150,-1,-1,-1,-1,-1,1753,1876,1877,1877,1628,5012,5013,5014,5015,-1,-1,-1,-1,-1,1753,1751,5266,5266,5125,5126,5127,5128,5129,5130,5266,5266,1753,5142,5142,5142,5142,5142,-1,-1,-1,-1,-1,-1,1753,-1,-1,1000,-1,1753,-1,5142,1751,-1,5772,5773,5774,5775,5776,5777,5142,5142,1753,5142,5142,5142,5142,6384,6384,6384,6384,6384,6384,-1,1753,5142,5142,1000,5142,1753,1504,1505,1505,2259,2260,1505,1505,1505,1505,1505,1505,1505,1505,1505,1505,1505,1505,1505,1505,1505,1505,1505,1505,1505,1505,1505,1505,1505,1505,1505,4377,2005,2006,2005,2006,2005,2006,2005,2006,2005,2006,2005,2006,2005,2006,2005,2006
2130,2131,2130,2131,2130,2131,2130,2131,2130,2131,2130,2131,2130,2131,2130,2131,4377,-1,6625,-1,-1,-1,-1,-1,-1,-1,-1,-1,-1,-1,-1,1753,-1,-1,-1,1751,5137,5138,5139,5140,-1,-1,-1,-1,-1,1753,1751,5266,5266,5250,5251,5252,5253,5254,5255,5266,5266,1753,5142,5142,5142,5142,-1,-1,-1,-1,-1,-1,-1,1876,1877,1877,1877,1877,1878,-1,-1,1751,6625,5897,5898,5899,5900,5901,5902,-1,-1,1753,5142,5142,5142,5142,-1,-1,-1,-1,-1,-1,-1,1876,1877,1877,1877,1877,1878,1630,1630,1630,2384,2385,1630,1630,1630,1630,1630,1630,1630,1630,1630,1630,1630,1630,1630,1630,1630,1630,1630,1630,1630,1630,1630,1630,1630,1630,1630,4377,2130,2131,2130,2131,2130,2131,2130,2131,2130,2131,2130,2131,2130,2131,2130,2131
2005,2006,2005,2006,2005,2006,2005,2006,2005,2006,2005,2006,2005,2006,2005,2006,4377,-1,-1,-1,-1,-1,-1,-1,-1,-1,-1,-1,-1,-1,-1,1753,-1,181,182,1751,-1,-1,-1,-1,-1,-1,-1,-1,-1,1753,1751,-1,-1,5375,5376,5377,5378,5379,5380,2000,1877,1878,5142,5142,5142,5142,-1,-1,-1,-1,-1,-1,-1,-1,-1,-1,-1,-1,-1,-1,-1,1751,-1,6022,6023,6024,6025,6026,6027,2000,1877,1878,5142,5142,5142,5142,-1,284,-1,-1,-1,-1,-1,-1,-1,-1,-1,-1,-1,1755,1755,1755,2381,2382,1755,1755,1755,1755,1755,1755,1755,1755,1755,1755,1755,1755,1755,1755,1755,1755,1755,1755,1755,1755,1755,1755,1755,1755,1755,4377,2005,2006,2005,2006,2005,2006,2005,2006,2005,2006,2005,2006,2005,2006,2005,2006
2130,2131,2130,2131,2130,2131,2130,2131,2130,2131,2130,2131,2130,2131,2130,2131,4377,-1,-1,-1,-1,-1,-1,-1,-1,-1,-1,-1,-1,-1,-1,1753,-1,58,59,1751,-1,-1,-1,1378,-1,-1,-1,-1,-1,1753,1876,1877,1877,1877,2001,5502,5503,5266,5266,5140,5141,5142,5142,5142,5142,5142,-1,284,-1,-1,-1,-1,-1,181,182,-1,5142,5142,-1,5142,-1,1876,1877,1877,2001,6149,6150,5142,5142,5142,5142,5142,5142,5142,5142,5142,-1,-1,-1,-1,-1,-1,181,182,-1,-1,-1,-1,-1,878,878,878,878,878,878,878,878,878,878,878,878,878,878,878,878,878,878,878,878,878,878,878,878,878,878,878,878,878,878,4377,2130,2131,2130,2131,2130,2131,2130,2131,2130,2131,2130,2131,2130,2131,2130,2131
2005,2006,2005,2006,2005,2006,2005,2006,2005,2006,2005,2006,2005,2006,2005,2006,4377,-1,-1,-1,-1,6625,-1,-1,-1,-1,-1,-1,6625,-1,-1,1753,-1,-1,-1,1751,-1,1378,-1,-1,-1,-1,-1,1378,-1,1753,2126,-1,-1,5140,5141,5140,5140,5141,5142,5265,5266,5267,5142,5142,5142,5142,-1,-1,-1,-1,-1,-1,-1,58,59,5142,5142,5142,5142,5142,-1,-1,-1,-1,5142,5142,5142,5142,5142,5142,5142,5142,5142,5142,5142,5142,-1,-1,-1,-1,-1,-1,58,59,-1,-1,-1,-1,-1,878,878,878,878,878,878,878,878,878,878,878,878,878,878,878,878,878,878,878,878,878,878,878,878,878,878,878,878,878,878,4377,2005,2006,2005,2006,2005,2006,2005,2006,2005,2006,2005,2006,2005,2006,2005,2006
2130,2131,2130,2131,2130,2131,2130,2131,2130,2131,2130,2131,2130,2131,2130,2131,4377,4377,4377,4377,4377,4377,4377,4377,4377,4377,4377,4377,4377,4377,4377,4377,4377,4377,4377,4377,4377,4377,4377,4377,4377,4377,4377,4377,4377,4377,4377,4377,4377,4377,4377,4377,4377,4377,4377,4377,4377,4377,4377,4377,4377,4377,4377,4377,4377,4377,4377,4377,4377,4377,4377,4377,4377,4377,4377,4377,4377,4377,4377,4377,4377,4377,4377,4377,4377,284,4377,4377,4377,4377,4377,4377,4377,4377,4377,4377,4377,4377,4377,4377,4377,4377,4377,4377,4377,4377,4377,4377,4377,4377,4377,4377,4377,4377,4377,4377,4377,4377,4377,4377,4377,4377,4377,4377,4377,4377,4377,4377,4377,4377,4377,4377,4377,4377,4377,4377,2130,2131,2130,2131,2130,2131,2130,2131,2130,2131,2130,2131,2130,2131,2130,2131
2005,2006,2005,2006,2005,2006,2005,2006,2005,2006,2005,2006,2005,2006,2005,2006,2005,2006,2005,2006,2005,2006,2005,2006,2005,2006,2005,2006,2005,2006,2005,2006,2005,2006,2005,2006,2005,2006,2005,2006,2005,2006,2005,2006,2005,2006,2005,2006,2005,2006,2005,2006,2005,2006,2005,2006,2005,2006,2005,2006,2005,2006,2005,2006,2005,2006,2005,2006,2005,2006,2005,2006,2005,2006,2005,2006,2005,2006,2005,2006,2005,2006,2005,2006,2005,2006,2005,2006,2005,2006,2005,2006,2005,2006,2005,2006,2005,2006,2005,2006,2005,2006,2005,2006,2005,2006,2005,2006,2005,2006,2005,2006,2005,2006,2005,2006,2005,2006,2005,2006,2005,2006,2005,2006,2005,2006,2005,2006,2005,2006,2005,2006,2005,2006,2005,2006,2005,2006,2005,2006,2005,2006,2005,2006,2005,2006,2005,2006,2005,2006,2005,2006
2130,2131,2130,2131,2130,2131,2130,2131,2130,2131,2130,2131,2130,2131,2130,2131,2130,2131,2130,2131,2130,2131,2130,2131,2130,2131,2130,2131,2130,2131,2130,2131,2130,2131,2130,2131,2130,2131,2130,2131,2130,2131,2130,2131,2130,2131,2130,2131,2130,2131,2130,2131,2130,2131,2130,2131,2130,2131,2130,2131,2130,2131,2130,2131,2130,2131,2130,2131,2130,2131,2130,2131,2130,2131,2130,2131,2130,2131,2130,2131,2130,2131,2130,2131,2130,2131,2130,2131,2130,2131,2130,2131,2130,2131,2130,2131,2130,2131,2130,2131,2130,2131,2130,2131,2130,2131,2130,2131,2130,2131,2130,2131,2130,2131,2130,2131,2130,2131,2130,2131,2130,2131,2130,2131,2130,2131,2130,2131,2130,2131,2130,2131,2130,2131,2130,2131,2130,2131,2130,2131,2130,2131,2130,2131,2130,2131,2130,2131,2130,2131,2130,2131
2005,2006,2005,2006,2005,2006,2005,2006,2005,2006,2005,2006,2005,2006,2005,2006,2005,2006,2005,2006,2005,2006,2005,2006,2005,2006,2005,2006,2005,2006,2005,2006,2005,2006,2005,2006,2005,2006,2005,2006,2005,2006,2005,2006,2005,2006,2005,2006,2005,2006,2005,2006,2005,2006,2005,2006,2005,2006,2005,2006,2005,2006,2005,2006,2005,2006,2005,2006,2005,2006,2005,2006,2005,2006,2005,2006,2005,2006,2005,2006,2005,2006,2005,2006,2005,2006,2005,2006,2005,2006,2005,2006,2005,2006,2005,2006,2005,2006,2005,2006,2005,2006,2005,2006,2005,2006,2005,2006,2005,2006,2005,2006,2005,2006,2005,2006,2005,2006,2005,2006,2005,2006,2005,2006,2005,2006,2005,2006,2005,2006,2005,2006,2005,2006,2005,2006,2005,2006,2005,2006,2005,2006,2005,2006,2005,2006,2005,2006,2005,2006,2005,2006
2130,2131,2130,2131,2130,2131,2130,2131,2130,2131,2130,2131,2130,2131,2130,2131,2130,2131,2130,2131,2130,2131,2130,2131,2130,2131,2130,2131,2130,2131,2130,2131,2130,2131,2130,2131,2130,2131,2130,2131,2130,2131,2130,2131,2130,2131,2130,2131,2130,2131,2130,2131,2130,2131,2130,2131,2130,2131,2130,2131,2130,2131,2130,2131,2130,2131,2130,2131,2130,2131,2130,2131,2130,2131,2130,2131,2130,2131,2130,2131,2130,2131,2130,2131,2130,2131,2130,2131,2130,2131,2130,2131,2130,2131,2130,2131,2130,2131,2130,2131,2130,2131,2130,2131,2130,2131,2130,2131,2130,2131,2130,2131,2130,2131,2130,2131,2130,2131,2130,2131,2130,2131,2130,2131,2130,2131,2130,2131,2130,2131,2130,2131,2130,2131,2130,2131,2130,2131,2130,2131,2130,2131,2130,2131,2130,2131,2130,2131,2130,2131,2130,2131
2005,2006,2005,2006,2005,2006,2005,2006,2005,2006,2005,2006,2005,2006,2005,2006,2005,2006,2005,2006,2005,2006,2005,2006,2005,2006,2005,2006,2005,2006,2005,2006,2005,2006,2005,2006,2005,2006,2005,2006,2005,2006,2005,2006,2005,2006,2005,2006,2005,2006,2005,2006,2005,2006,2005,2006,2005,2006,2005,2006,2005,2006,2005,2006,2005,2006,2005,2006,2005,2006,2005,2006,2005,2006,2005,2006,2005,2006,2005,2006,2005,2006,2005,2006,2005,2006,2005,2006,2005,2006,2005,2006,2005,2006,2005,2006,2005,2006,2005,2006,2005,2006,2005,2006,2005,2006,2005,2006,2005,2006,2005,2006,2005,2006,2005,2006,2005,2006,2005,2006,2005,2006,2005,2006,2005,2006,2005,2006,2005,2006,2005,2006,2005,2006,2005,2006,2005,2006,2005,2006,2005,2006,2005,2006,2005,2006,2005,2006,2005,2006,2005,2006
2130,2131,2130,2131,2130,2131,2130,2131,2130,2131,2130,2131,2130,2131,2130,2131,2130,2131,2130,2131,2130,2131,2130,2131,2130,2131,2130,2131,2130,2131,2130,2131,2130,2131,2130,2131,2130,2131,2130,2131,2130,2131,2130,2131,2130,2131,2130,2131,2130,2131,2130,2131,2130,2131,2130,2131,2130,2131,2130,2131,2130,2131,2130,2131,2130,2131,2130,2131,2130,2131,2130,2131,2130,2131,2130,2131,2130,2131,2130,2131,2130,2131,2130,2131,2130,2131,2130,2131,2130,2131,2130,2131,2130,2131,2130,2131,2130,2131,2130,2131,2130,2131,2130,2131,2130,2131,2130,2131,2130,2131,2130,2131,2130,2131,2130,2131,2130,2131,2130,2131,2130,2131,2130,2131,2130,2131,2130,2131,2130,2131,2130,2131,2130,2131,2130,2131,2130,2131,2130,2131,2130,2131,2130,2131,2130,2131,2130,2131,2130,2131,2130,2131
2005,2006,2005,2006,2005,2006,2005,2006,2005,2006,2005,2006,2005,2006,2005,2006,2005,2006,2005,2006,2005,2006,2005,2006,2005,2006,2005,2006,2005,2006,2005,2006,2005,2006,2005,2006,2005,2006,2005,2006,2005,2006,2005,2006,2005,2006,2005,2006,2005,2006,2005,2006,2005,2006,2005,2006,2005,2006,2005,2006,2005,2006,2005,2006,2005,2006,2005,2006,2005,2006,2005,2006,2005,2006,2005,2006,2005,2006,2005,2006,2005,2006,2005,2006,2005,2006,2005,2006,2005,2006,2005,2006,2005,2006,2005,2006,2005,2006,2005,2006,2005,2006,2005,2006,2005,2006,2005,2006,2005,2006,2005,2006,2005,2006,2005,2006,2005,2006,2005,2006,2005,2006,2005,2006,2005,2006,2005,2006,2005,2006,2005,2006,2005,2006,2005,2006,2005,2006,2005,2006,2005,2006,2005,2006,2005,2006,2005,2006,2005,2006,2005,2006
2130,2131,2130,2131,2130,2131,2130,2131,2130,2131,2130,2131,2130,2131,2130,2131,2130,2131,2130,2131,2130,2131,2130,2131,2130,2131,2130,2131,2130,2131,2130,2131,2130,2131,2130,2131,2130,2131,2130,2131,2130,2131,2130,2131,2130,2131,2130,2131,2130,2131,2130,2131,2130,2131,2130,2131,2130,2131,2130,2131,2130,2131,2130,2131,2130,2131,2130,2131,2130,2131,2130,2131,2130,2131,2130,2131,2130,2131,2130,2131,2130,2131,2130,2131,2130,2131,2130,2131,2130,2131,2130,2131,2130,2131,2130,2131,2130,2131,2130,2131,2130,2131,2130,2131,2130,2131,2130,2131,2130,2131,2130,2131,2130,2131,2130,2131,2130,2131,2130,2131,2130,2131,2130,2131,2130,2131,2130,2131,2130,2131,2130,2131,2130,2131,2130,2131,2130,2131,2130,2131,2130,2131,2130,2131,2130,2131,2130,2131,2130,2131,2130,2131
2005,2006,2005,2006,2005,2006,2005,2006,2005,2006,2005,2006,2005,2006,2005,2006,2005,2006,2005,2006,2005,2006,2005,2006,2005,2006,2005,2006,2005,2006,2005,2006,2005,2006,2005,2006,2005,2006,2005,2006,2005,2006,2005,2006,2005,2006,2005,2006,2005,2006,2005,2006,2005,2006,2005,2006,2005,2006,2005,2006,2005,2006,2005,2006,2005,2006,2005,2006,2005,2006,2005,2006,2005,2006,2005,2006,2005,2006,2005,2006,2005,2006,2005,2006,2005,2006,2005,2006,2005,2006,2005,2006,2005,2006,2005,2006,2005,2006,2005,2006,2005,2006,2005,2006,2005,2006,2005,2006,2005,2006,2005,2006,2005,2006,2005,2006,2005,2006,2005,2006,2005,2006,2005,2006,2005,2006,2005,2006,2005,2006,2005,2006,2005,2006,2005,2006,2005,2006,2005,2006,2005,2006,2005,2006,2005,2006,2005,2006,2005,2006,2005,2006
2130,2131,2130,2131,2130,2131,2130,2131,2130,2131,2130,2131,2130,2131,2130,2131,2130,2131,2130,2131,2130,2131,2130,2131,2130,2131,2130,2131,2130,2131,2130,2131,2130,2131,2130,2131,2130,2131,2130,2131,2130,2131,2130,2131,2130,2131,2130,2131,2130,2131,2130,2131,2130,2131,2130,2131,2130,2131,2130,2131,2130,2131,2130,2131,2130,2131,2130,2131,2130,2131,2130,2131,2130,2131,2130,2131,2130,2131,2130,2131,2130,2131,2130,2131,2130,2131,2130,2131,2130,2131,2130,2131,2130,2131,2130,2131,2130,2131,2130,2131,2130,2131,2130,2131,2130,2131,2130,2131,2130,2131,2130,2131,2130,2131,2130,2131,2130,2131,2130,2131,2130,2131,2130,2131,2130,2131,2130,2131,2130,2131,2130,2131,2130,2131,2130,2131,2130,2131,2130,2131,2130,2131,2130,2131,2130,2131,2130,2131,2130,2131,2130,2131
2005,2006,2005,2006,2005,2006,2005,2006,2005,2006,2005,2006,2005,2006,2005,2006,2005,2006,2005,2006,2005,2006,2005,2006,2005,2006,2005,2006,2005,2006,2005,2006,2005,2006,2005,2006,2005,2006,2005,2006,2005,2006,2005,2006,2005,2006,2005,2006,2005,2006,2005,2006,2005,2006,2005,2006,2005,2006,2005,2006,2005,2006,2005,2006,2005,2006,2005,2006,2005,2006,2005,2006,2005,2006,2005,2006,2005,2006,2005,2006,2005,2006,2005,2006,2005,2006,2005,2006,2005,2006,2005,2006,2005,2006,2005,2006,2005,2006,2005,2006,2005,2006,2005,2006,2005,2006,2005,2006,2005,2006,2005,2006,2005,2006,2005,2006,2005,2006,2005,2006,2005,2006,2005,2006,2005,2006,2005,2006,2005,2006,2005,2006,2005,2006,2005,2006,2005,2006,2005,2006,2005,2006,2005,2006,2005,2006,2005,2006,2005,2006,2005,2006
2130,2131,2130,2131,2130,2131,2130,2131,2130,2131,2130,2131,2130,2131,2130,2131,2130,2131,2130,2131,2130,2131,2130,2131,2130,2131,2130,2131,2130,2131,2130,2131,2130,2131,2130,2131,2130,2131,2130,2131,2130,2131,2130,2131,2130,2131,2130,2131,2130,2131,2130,2131,2130,2131,2130,2131,2130,2131,2130,2131,2130,2131,2130,2131,2130,2131,2130,2131,2130,2131,2130,2131,2130,2131,2130,2131,2130,2131,2130,2131,2130,2131,2130,2131,2130,2131,2130,2131,2130,2131,2130,2131,2130,2131,2130,2131,2130,2131,2130,2131,2130,2131,2130,2131,2130,2131,2130,2131,2130,2131,2130,2131,2130,2131,2130,2131,2130,2131,2130,2131,2130,2131,2130,2131,2130,2131,2130,2131,2130,2131,2130,2131,2130,2131,2130,2131,2130,2131,2130,2131,2130,2131,2130,2131,2130,2131,2130,2131,2130,2131,2130,2131
2005,2006,2005,2006,2005,2006,2005,2006,2005,2006,2005,2006,2005,2006,2005,2006,2005,2006,2005,2006,2005,2006,2005,2006,2005,2006,2005,2006,2005,2006,2005,2006,2005,2006,2005,2006,2005,2006,2005,2006,2005,2006,2005,2006,2005,2006,2005,2006,2005,2006,2005,2006,2005,2006,2005,2006,2005,2006,2005,2006,2005,2006,2005,2006,2005,2006,2005,2006,2005,2006,2005,2006,2005,2006,2005,2006,2005,2006,2005,2006,2005,2006,2005,2006,2005,2006,2005,2006,2005,2006,2005,2006,2005,2006,2005,2006,2005,2006,2005,2006,2005,2006,2005,2006,2005,2006,2005,2006,2005,2006,2005,2006,2005,2006,2005,2006,2005,2006,2005,2006,2005,2006,2005,2006,2005,2006,2005,2006,2005,2006,2005,2006,2005,2006,2005,2006,2005,2006,2005,2006,2005,2006,2005,2006,2005,2006,2005,2006,2005,2006,2005,2006
2130,2131,2130,2131,2130,2131,2130,2131,2130,2131,2130,2131,2130,2131,2130,2131,2130,2131,2130,2131,2130,2131,2130,2131,2130,2131,2130,2131,2130,2131,2130,2131,2130,2131,2130,2131,2130,2131,2130,2131,2130,2131,2130,2131,2130,2131,2130,2131,2130,2131,2130,2131,2130,2131,2130,2131,2130,2131,2130,2131,2130,2131,2130,2131,2130,2131,2130,2131,2130,2131,2130,2131,2130,2131,2130,2131,2130,2131,2130,2131,2130,2131,2130,2131,2130,2131,2130,2131,2130,2131,2130,2131,2130,2131,2130,2131,2130,2131,2130,2131,2130,2131,2130,2131,2130,2131,2130,2131,2130,2131,2130,2131,2130,2131,2130,2131,2130,2131,2130,2131,2130,2131,2130,2131,2130,2131,2130,2131,2130,2131,2130,2131,2130,2131,2130,2131,2130,2131,2130,2131,2130,2131,2130,2131,2130,2131,2130,2131,2130,2131,2130,2131
2005,2006,2005,2006,2005,2006,2005,2006,2005,2006,2005,2006,2005,2006,2005,2006,2005,2006,2005,2006,2005,2006,2005,2006,2005,2006,2005,2006,2005,2006,2005,2006,2005,2006,2005,2006,2005,2006,2005,2006,2005,2006,2005,2006,2005,2006,2005,2006,2005,2006,2005,2006,2005,2006,2005,2006,2005,2006,2005,2006,2005,2006,2005,2006,2005,2006,2005,2006,2005,2006,2005,2006,2005,2006,2005,2006,2005,2006,2005,2006,2005,2006,2005,2006,2005,2006,2005,2006,2005,2006,2005,2006,2005,2006,2005,2006,2005,2006,2005,2006,2005,2006,2005,2006,2005,2006,2005,2006,2005,2006,2005,2006,2005,2006,2005,2006,2005,2006,2005,2006,2005,2006,2005,2006,2005,2006,2005,2006,2005,2006,2005,2006,2005,2006,2005,2006,2005,2006,2005,2006,2005,2006,2005,2006,2005,2006,2005,2006,2005,2006,2005,2006
2130,2131,2130,2131,2130,2131,2130,2131,2130,2131,2130,2131,2130,2131,2130,2131,2130,2131,2130,2131,2130,2131,2130,2131,2130,2131,2130,2131,2130,2131,2130,2131,2130,2131,2130,2131,2130,2131,2130,2131,2130,2131,2130,2131,2130,2131,2130,2131,2130,2131,2130,2131,2130,2131,2130,2131,2130,2131,2130,2131,2130,2131,2130,2131,2130,2131,2130,2131,2130,2131,2130,2131,2130,2131,2130,2131,2130,2131,2130,2131,2130,2131,2130,2131,2130,2131,2130,2131,2130,2131,2130,2131,2130,2131,2130,2131,2130,2131,2130,2131,2130,2131,2130,2131,2130,2131,2130,2131,2130,2131,2130,2131,2130,2131,2130,2131,2130,2131,2130,2131,2130,2131,2130,2131,2130,2131,2130,2131,2130,2131,2130,2131,2130,2131,2130,2131,2130,2131,2130,2131,2130,2131,2130,2131,2130,2131,2130,2131,2130,2131,2130,2131